Name,ForeignName,time,Author,Texture,Type,institution,Period,description
洗衣妇,The Laundress,1863,奥诺雷·杜米埃,木板,油画艺术,大都会艺术博物馆,现实主义时期,"This painting depicts a subject visible from Daumier’s studio on the quai d'Anjou in Paris: laundresses returning from laundry boats moored on the Seine. Despite the weight of her bulky load, the woman tenderly extends her hand to help a child up the steps of the embankment. With her sturdy form silhouetted against a bright background, the humble worker acquires a certain monumentality. This picture is the largest and possibly the last of three painted versions of the composition; Daumier’s pigments have deteriorated, obscuring the last digit of the date inscribed at the lower left, but in 1893 it was recorded as 1863. 摘自大都会艺术博物馆官网"
流浪的吟游诗人,Wandering Minstrels,18世纪,余贝尔·罗伯尔,画布,油画艺术,大都会艺术博物馆,洛可可,"Robert first went to Rome in 1754, eventually spending eleven years in Italy and befriending Fragonard, who influenced his free and lively style of painting and drawing. In this panel from the Bagatelle series, Robert adapted the architecture of the Campidoglio in Rome for the palace at the right. The fountain with the obelisk may have been based on one formerly in the gardens of the château. Most of the work on the series was done between 1777 and 1779. 摘自大都会艺术博物馆官网"
大天使圣迈克尔,Saint Michael the Archangel,1640s,伊格纳西奥·德·里斯,画布,油画艺术;宗教艺术,大都会艺术博物馆,巴洛克时期,"""Ries was the son of a Flemish painter who had settled in Seville. In the mid-1630s he worked for Zurbarán, some of whose paintings are displayed in this gallery and to whom this picture was long attributed. Now recognized as one of Ries’s finest works, dating from the 1640s, this painting relates to both Flemish and Italian traditions. The open-mouthed figure of Satan """"cast out [of heaven] into the earth"""" (Rev. 12:9) especially recalls the work of Ribera. 摘自大都会艺术博物馆官网"""
隆美尔壶演奏者,The Rommel Pot Player,1618-1622,弗兰斯·哈尔斯,画布,油画艺术,金贝尔艺术博物馆,巴洛克时期,"弗兰斯·哈尔斯（Frans Hals）这幅画中微笑的隆美尔壶演奏者，被一群有趣的孩子聚集在他周围向他提供硬币。孩子们喜欢这种卑微的乐器发出的令人震惊的声音，这种乐器是由猪膀胱伸展在一个装满水的陶罐上制成的。一根芦苇被绑在膀胱中间的一个小口袋里，上下移动以产生隆隆声。隆美尔壶由贫穷的街头音乐家演奏，与四旬期前的忏悔节庆祝活动特别相关，这里由男人穿的傻瓜狐尾巴表示。《隆美尔壶演奏者》是最早令人信服地描绘儿童活泼和快乐表情的画作之一，在这里哈尔斯用独特的轻快笔触传达出来。这种与愚蠢的想法相关的构图是艺术家最受欢迎的主题之一，许多版本和变体幸存下来。其中最好的是金贝尔的画作，这幅作品经过多次修改，显然是其他作品的原型。弗兰斯·哈尔斯（Frans Hals）是荷兰哈勒姆镇的主要画家，他一生的大部分时间都在那里度过。他从富有的市民那里获得了许多个人和团体肖像的委托，还制作了日常生活中的宗教绘画和风俗场景。他一生中尤其出名，就像今天一样，因为他的笔触的自发性。The smiling rommel-pot player in this painting by Frans Hals has gathered around him an audience of amused children offering him coins. The children delight in the appalling sounds emitted by this lowly instrument, which is made of a pig’s bladder stretched over an earthenware jug half-filled with water. A reed is bound in a small pocket in the middle of the bladder and moved up and down to produce a rumbling sound. Played by impoverished street musicians, rommel pots were particularly associated with the pre-Lenten celebration of Shrovetide, here indicated by the fool’s foxtail worn by the man.The Rommel-Pot Player is one of the earliest paintings to portray convincingly the vivacious and joyful expressions of children, here conveyed with Hals’s distinctive brisk brushstrokes. This composition––associated with the idea of folly––was one of the artist’s most popular subjects, and a number of versions and variants survive. The best of these is the Kimbell painting, a work with numerous revisions that apparently served as the prototype for the others.Frans Hals was the leading painter in the Dutch town of Haarlem, where he spent most of his life. He received many commissions from wealthy burghers for individual and group portraits, and also produced religious paintings and genre scenes from everyday life. He was especially famed in his lifetime, as today, for the spontaneity of his brushwork.（来源：谷歌艺术计划官网  翻译：Artlib）"
男人肖像,Portrait of a Man,1693,雅桑特·里戈,画布,油画艺术,大都会艺术博物馆,巴洛克时期,"The sitter’s wig and his elegant costume—jewel, lace, and embroidered coat—suggest wealth but no particular rank in society. It has not been possible to identify him. The changeant colors of the coat are typical for the artist. 摘自大都会艺术博物馆官网"
威尼斯,Venezia,1865-1866,海勒姆·鲍尔斯,大理石,雕塑雕刻,大都会艺术博物馆,新古典主义时期,"Vermont-born Larkin Goldsmith Mead was a prominent expatriate sculptor who worked in Florence for more than half a century. During the mid-1860s he made frequent trips to Venice, where his brother-in-law William Dean Howells served as the American consul and where Mead met his future bride, Marietta di Benvenuti. Venezia, his best-known sculpture (of which there are more than ten located examples), depicts an attractive young woman, probably the sculptor's wife at the time of their courtship and marriage. As a personification of Venice, she wears a tiara of beads and a central scallop shell, upon which is set a small gondola. The figure emerges from a textured sea-foam bodice—particularly finely carved in this marble—that serves not only as the bust's termination but also as a reference to Venice's aqueous environment. Idealized representations of such geographic locales as Venezia, as well as America and California by Hiram Powers, also in the Museum's collection (acc. nos. 66.243, 72.3), were particularly appealing to mid-nineteenth century Americans. This allegorical bust may be viewed as a nuptial portrait, since Mead not only honors his new wife but also offers a tribute to Venice, traditionally known as the Bride of the Sea. 摘自大都会艺术博物馆官网"
美国,America,1850-1854,海勒姆·鲍尔斯,大理石,雕塑雕刻,大都会艺术博物馆,新古典主义时期,"""Powers modeled his personification of """"America"""" as a bust after completing a full-length version intended to """"embody the political creed of our country."""" The youthful maiden wears a diadem with thirteen stars referring to the thirteen original colonies"
无人马的比赛开始,The Start of the Race of the Riderless Horses,1820,贺拉斯·韦尔内,画布,油画艺术,大都会艺术博物馆,新古典主义时期,"""Races of riderless horses were a highlight of Rome’s Carnival, held each February before Lent. Vernet’s painting depicts grooms struggling to restrain the horses before the start of the race—la mossa—in the Piazza del Popolo, which Goethe called """"one of the finest sights that can be seen anywhere in the world."""" Vernet was certainly aware of his friend Gericault’s studies of the race when he made this one"
黑衣女人,A lady in black,1922,乔治·斯宾塞·沃森,画布,油画艺术,泰特美术馆,浪漫主义时代,"N04806 A LADY IN BLACK 1922Inscr. ‘G. Spencer Watson 1922’ b.l.Canvas, 50×40 1/2 (127×102).Chantrey Purchase from the artist's family 1935.Exh: R.A., 1923 (389), as ‘Miss Mullock’; Exposition Triennale de Gand, Palais des Fêtes, Ghent, May–July 1929 (685), as ‘Portrait’; R.A., 1935 (216), as ‘A Lady in Black’.Repr: Royal Academy Illustrated, 1923, p.113, as ‘A Lady in Black’.First exhibited at the Royal Academy in 1923 as ‘Miss Mullock’, but reproduced in the same year's Royal Academy Illustrated as ‘A Lady in Black’, the name by which it has since been known.Published in:Mary Chamot, Dennis Farr and Martin Butlin, The Modern British Paintings, Drawings and Sculpture, London 1964, II摘自泰特美术馆官网"
费雪男孩,Fisher Boy,1857,海勒姆·鲍尔斯,大理石,雕塑雕刻,大都会艺术博物馆,新古典主义时期,"Powers modeled Fisher Boy in Florence, Italy, where he earned an international reputation for his idealized subjects. In calling this figure “a kind of Appollino,” he referred to ancient Greek depictions of Apollo as the epitome of male youth. However, rather than present his only male nude in a mythological guise, the longtime expatriate sculptor insisted on cloaking it in a modern genre subject—a young fisherman’s use of a conch shell to listen for warnings of inclement weather. Half-buried shells carved on the base suggest an ocean setting. 摘自大都会艺术博物馆官网"
乔治·华盛顿,George Washington,1827-1828,霍雷肖·格里诺,大理石,雕塑雕刻,大都会艺术博物馆,新古典主义时期,"When this bust of George Washington first entered the collection in 1884, it was attributed to the Italian sculptor, Lorenzo Bartolini (1777-1850). The sculpture was subsequently reattributed, however, to one of Bartolini's American pupils, Horatio Greenough. Relying on Jean-Antoine Houdon's 1789 bust of Washington, which was based on a life mask, Greenough was faithful to physiognomy, but he altered the hairstyle, raised the eyebrows, and borrowed the blank eyeballs typical of imperial Roman and late antique portraiture. Although it is not certain when this bust was executed, it was probably modeled by Greenough and carved in Italy before he received his important 1832 commission for a statue of Washington for the rotunda of the United States Capitol (now in the National Museum of American History, Smithsonian Institution, Washington, D.C.). 摘自大都会艺术博物馆官网"
坐在扶手椅上的老妇人,Old Woman in an Armchair,17世纪,雅各布·代·巴克,画布,油画艺术,大都会艺术博物馆,文艺复兴时期,"This portrait is probably the companion piece to the Portrait of a Man in an Arm Chair, formerly in the Corcoran Gallery, now in the National Gallery of Art, Washington, D.C. It has been attributed to Jacob Backer, who worked in Rembrandt’s studio in Amsterdam from 1632-34 and clearly was influenced by his master’s work at that time. 摘自大都会艺术博物馆官网"
我发现的四种爱，一个女人，一个孩子，一匹马和一只猎犬,"Four Loves I found, a Woman, a Child, a Horse and a Hound",1922,乔治·斯宾塞·沃森,画布,油画艺术,私人收藏,浪漫主义时代,"This is George Spencer Watson's greatest work, the picture that secured his longed-for election as an Associate of the Royal Academy in 1923. It is a paen to the happy family life he enjoyed on the Isle of Purbeck, first at The Corner Cottage, Studland, and latterly at Dunshay Manor, Langton Maltravers, the house he acquired in 1923 once his professional success had been assured. It is a picture that encapsulates the preoccupations of the age: the quest for a simpler life after the horrors of the First World War, and a celebration of sun, sea and fresh air. The artist and his family are depicted walking across Studland Heath, the famous Old Harry Rocks being seen to the left of the picture. Classically composed, it is firmly in the tradition of the 'swagger' portrait, with antecedents stretching back to Van Dyck. And yet, as Leighton had urged Watson, whom he had encountered as a younger man, the artist has managed to paint in an idiom distinctively his own. Colour is block-like and unbroken, and the conception bold.Spencer Watson was born in London and studied at The Merchant Taylor's School. He entered the Royal Academy Schools in 1889, showing early promise as a Landseer scholar and silver medallist. He established a career as a portraitist (A Lady in Black was purchased by the Chantrey Bequest in 1935) and also painted nudes (a good example is in the Harris Museum and Art Gallery, Preston). While his Times obituary noted 'reserve of feeling and purity of line' in his portraits, Exemplified in the following lot, this restraint is absent in his subject pictures where the obituarist noted 'he could become rather reckless when he let himself go'.His finest works are portraits of his family and sketches of Dunshay. Here, the depth of his emotions are readily apparent. His wife, Hilda Gardiner (seen in a portrait recently acquired by Tate Britain), was a remarkable woman, a friend of Carl Jung, who established a reputation as a dancer in the manner of Isadora Duncan. She developed a form of mime - in which the Greek myths were relayed - and established a theatre in the barn at Dunshay. The family initially lived in London, first at 17 Melbury Road, and latterly at 20 Holland Park Road, and established many friendships in that literary and artistic milieu.Their daughter Mary would later become a sculptor of great distinction, initially trained by John Skeaping, Barbara Hepworth's first husband, who delighted in direct carving into the local Purbeck stone. A retrospective of her work was held at Salisbury Cathedral in 2004, and several of her pieces embellish the gardens at Dunshay, adding greatly to the spirit of the place.This portrait, and the following two works have hung at Dunshay since they were painted. Spencer Watson's work rarely appears on the market and his talent deserves to be better known. Those examples that have appeared (for example in a sale of several works from Dunshay held at Christie's South Kensington, 26 October 1995, lots 88-113) have been eagerly received by a devoted band of interested collectors. In addition to Tate Britain, and The Harris Art Gallery Preston, examples of his work are held in museum collections in Bournemouth, Liverpool, Plymouth and the National Gallery of Canada. 摘自https://www.invaluable.com/"
马库斯·奥勒留雕像,Equestrian Statue of Marcus Aurelius,1757,余贝尔·罗伯尔,画纸,水彩画,大都会艺术博物馆,洛可可,"The painter and draftsman Hubert Robert, who spent eleven years in Rome (1754-65) studying at the French Academy, is known for his picturesque capriccios - views of the city combining real and imaginary ancient monuments. This capriccio features the famous ancient bronze equestrian statue of Marcus Aurelius. Robert rendered the statue accurately, but its crumbling stone pedestal and its inscription, altered to include his own name, are inventions. The statue is surrounded by an arcade reminiscent of Bernini’s colonnade for the piazza of Saint Peter’s, which is modified in detail and proportion by architectural elements from the Pantheon. Robert has surrounded the statue with an animal skull, bones, and fragments of architectural ruins, an allusion to the past glory of the Roman Empire. 摘自大都会艺术博物馆官网"
两个饮酒者,Two Drinkers,1860-1879,奥诺雷·杜米埃,画纸,素描艺术,大都会艺术博物馆,现实主义时期,"The paintings, drawings, and prints of Daumier, the great caricaturist of Parisian life during the Second Empire, are populated with lively revelers. Here, the artist richly individualized his subjects, tracing their expressions first in charcoal and then in pen and ink to create light and shadow and to indicate volume. His numerous tests of the sharpness of his brush and the tone of his wash at the upper right demonstrate his working process. 摘自大都会艺术博物馆官网"
圣安东尼的诱惑,The Temptation of Saint Anthony,1550-1560,赫里·梅特·德·布莱斯,木板,油画艺术;宗教艺术,大都会艺术博物馆,文艺复兴时期,"Herri met de Bles, of whose life little is known, was the most important Flemish landscape painter after Joachim Patinir. This fine panel (better preserved at the left than at the right) is characteristic of a number of his works that feature catastrophic, fantastic landscapes. Also, Hieronymus Bosch’s Lisbon Triptych of the Temptation of Saint Anthony functioned as a source for the panels’ Christian iconography and compositional elements. The artist cleverly conflated the style and motifs of Bles and Bosch to satisfy a local and foreign art market demand for small-scale and easily transportable paintings. 摘自大都会艺术博物馆官网"
军官肖像,Portrait of a Military Officer,1710,雅桑特·里戈,画布,油画艺术,大都会艺术博物馆,巴洛克时期,This portrait is based on a prototype by Rigaud showing the comte d'Évreux as a young man that was painted in about 1703. 摘自大都会艺术博物馆官网
饮酒者,The Drinkers,1861,奥诺雷·杜米埃,木板,油画艺术,大都会艺术博物馆,现实主义时期,"This painting, which was first exhibited in Paris in 1861, bears a resemblance to an illustration by Daumier's contemporary Paul Gavarni that was published twenty years earlier. The escape that alcohol offered to the poor is typical of the social themes Daumier explored throughout his career. The first owner of this work was the landscape painter Charles Daubigny. 摘自大都会艺术博物馆官网"
路易斯十五的孩童时期,Louis XV as a Child,1716-1724,雅桑特·里戈,画布,油画艺术,大都会艺术博物馆,巴洛克时期,"Louis XV succeeded to the throne of France in 1715 upon the death of his great-grandfather, Louis XIV, who had reigned for more than seventy years. The five-year-old boy was the only surviving son of Louis, duc de Bourgogne, and Marie Adélaïde de Savoie, both of whom had died of smallpox in 1712. The canvas is one of many versions of Rigaud’s first official portrait of Louis XV, which was commissioned by the regent, the duc d’Orléans, for the palace of Versailles. 摘自大都会艺术博物馆官网"
花园里的玛丽，邓莎（把山羊拖走！）,"Mary in the gardens, Dunshay (Drat them Goats!)",1926,乔治·斯宾塞·沃森,画布,油画艺术,私人收藏,浪漫主义时代,"Between the 1880s and the Great War, the era of James McNeill Whistler and John Singer Sargent, portraiture became the most radical genre in British painting. Critical and theoretical writing on the subject burgeoned and mythologies surrounding the act of painting a portrait were explored in novels such as Oscar Wilde's Picture of Dorian Gray (1891) and George Gissing's Will Warburton (1905). The Royal Society of Portrait Painters, of which George Spencer Watson was a member, was formed in 1891, during his student years at the Royal Academy Schools. Whistler and his followers elevated Velázquez to the role of magus, at this time, flocking to Madrid to execute copies of the great full-lengths of Philip IV and the members of his court, while Sargent's pyrotechnics were famously compared to those of Van Dyck by none other than the Prince of Wales.If 17th and 18th Century 'swagger' portraiture presented a range of fashionable prototypes, so too did the earlier Italian schools - the focus of growing competition among amateurs since the mid-century. Renaissance scholarship from Ruskin, Pater and Symonds was the subject of constant revision as collectors awaited with trepidation the arrival of Bernard Berenson on their doorsteps. The Florentine and Umbrian masters insisted more upon drawing and design than the courtier-artists of later centuries and in Bronzino and Pontormo, young Edwardians such as Spencer Watson found an alternative tradition equal to that of the Spanish Caravaggesque painters who appealed to Whistlerians such as Lavery, Furse, Shannon and Steer.No VAT will be charged on the hammer price, but VAT at 17.5% will be added to the buyer's premium, which is invoiced on a VAT inclusive basis.In the summer of 1913, two months after the birth of their daughter, Mary, the Spencer Watsons rented a cottage at Studland, on the Isle of Purbeck, beginning an association with the area which was to last for the remainder of the painter's life. Numerous oil sketches were painted of the beach, the sand-dunes and the coastal landscape. The area became a kind of Eden; it so fascinated the painter that in 1922, he and Hilda purchased Dunshay Manor on the Isle. This ancient house was partially modernized and was, on the deaths of her parents, inherited by Mary Spencer Watson who, by that stage had gained a reputation as a sculptor.During her childhood years, Mary frequently posed for her father - most notably as The Saddler's Daughter (sold Christie's, London, 16 December 2009, lot 24), shown at the Royal Academy in 1924, but painted around the time of the move to Dunshay. She features prominently in grand manner group portraits such as Four Loves I Found, 1922 and Us Riding, 1926. This latter picture shows the artist, his wife and daughter riding past the ornamental gate leading to the manor house.These carefully planned compositions build up Watson's stylisations to a monumental degree. In Drat them Goats! however, his work returns to a more naturalistic vein related to vivid oil sketches, in its depiction of the thirteen year old Mary running with the goats in the gardens at Dunshay.In this instance the oil sketch was painted after the Royal Academy piece (1927, no. 22), since one of the trees has been removed and the others reduced. While classical inferences associated with the bucolic goatherd have been studiously avoided, the work recalls the bright impressionistic colouring of contemporaries such as Harold Speed, Philip Connard and Wilfrid de Glehn. Two further oils representing the scene in spring and early autumn, entitled Dunshay from the lower lawn and The Glade, represent a girl and dog without goats in one case and goats grazing without the running figure in the other (see Christie's, South Kensington, 30 June 2010).摘自https://www.invaluable.com/"
拱门的废墟,Arches in Ruins,18世纪,余贝尔·罗伯尔,画布,油画艺术,大都会艺术博物馆,洛可可,"This narrow painting and its pendant, designed by Robert as overdoors, were intended to be seen from a distance and from below. In the interest of increasing the effect of illusion, the artist placed the figures upon grassy hillocks with the ruins sunk (and in one case partially buried) behind. He deploys the Doric order, which is the simplest and most robust. 摘自大都会艺术博物馆官网"
秋天的旋律,Autumn Rhythm,1950,杰克逊·波洛克,木板,综合材料绘画,大都会艺术博物馆,两次世界大战之间的艺术,"1950年的夏秋之际，波洛克又完成了32件作品。虽然一般大众无法接受绘画的内容与尺幅，总觉得就是画面剪成两半，也是一样，因为画面没有主题，多半都是在重复，像《1950年13号作品A)), ((1950年30号作品》(又称《秋韵》)，而《1950年29号作品》还加上了网状物，呈现立体感。摘自《世界名画家全集美国滴彩画大师波洛克Jackson Pollock》"
唐吉诃德和死骡,Don Quixote and the Dead Mule,1864,奥诺雷·杜米埃,木板,油画艺术,大都会艺术博物馆,现实主义时期,"This work, one of many versions of the subject that Daumier painted after 1864, illustrates a passage from Don Quixote, the epic novel by Miguel de Cervantes (1547–1616). The knight, in the company of his squire, Sancho Panza, encounters the body of a dead mule, still saddled and bridled but already half-devoured by wolves and crows. 摘自大都会艺术博物馆官网"
三等车厢,The Third-Class Carriage,1862-1864,奥诺雷·杜米埃,画布,油画艺术,大都会艺术博物馆,现实主义时期,"他的《三等车厢》中，主要描绘了正在坐车的一家四口人，在拥挤的车厢里，一片混乱，他们的后面坐着形形色色不同职业的人，但他们都属于这三等车厢中社会的底层人民，也体现了社会的等级制度，在昏暗狭窄的车厢里，眼前的这位抱着孩子的妇女和旁边这位年老沧桑的老妇人显得格外突出，老人旁边的孩子则在路途的疲惫中睡着了，身子埋没在老妇人身后的阴影处。在车外光线的映衬下，这位抱着孩子的母亲打破了车厢中压抑的气氛，母亲结实的身躯和有力的臂膀，紧紧的守护着孩子，母亲的温暖和细心地呵护使孩子在她的怀里安稳的睡着了。生活的艰苦使她们四处奔波，一个妇女带着孩子多么不容易，母亲看着孩子的样子，即不忍心又显示出对于生活的无奈。旁边的老妇人好像已经历经沧桑，习惯了这样奔波的生活，对一切都已经漠视了。画家用粗壮有力的线条勾勒出人物的形象，用强烈的明暗对比使画面气氛更加沉重，对于人物情感的刻画真实生动，客观的表现了普通劳动人民在社会环境中艰苦的生活状态，同时也讽刺了社会的等级制度。摘自《李静：西方绘画中母亲形象艺术研究》 As a graphic artist and painter, Daumier chronicled the impact of industrialization on modern urban life in mid-nineteenth-century Paris. Here, he amplifies the subject of a lithograph made some ten years earlier: the hardship and quiet fortitude of third-class railway travelers. Bathed in light, the nursing mother, elderly woman, and sleeping boy emanate a serenity not often associated with public transport. Unfinished and squared for transfer, this picture closely corresponds to a watercolor of 1864 (Walters Art Museum, Baltimore) and a roughly contemporary oil (National Gallery of Canada, Ottawa), but the sequence of the compositions remains unresolved. 摘自大都会艺术博物馆官网"
加利福尼亚,California,1858,海勒姆·鲍尔斯,大理石,雕塑雕刻,大都会艺术博物馆,新古典主义时期,"""Allegories of places—from cities to continents—were popular artistic subjects during the nineteenth century. The California Gold Rush, which began in 1848, inspired Powers to model this figure. In her left hand, she holds a divining rod, or miner’s wand, which partially shields her nudity and carries the eye around the sculpture, pointing to the faceted crystals of quartz in which gold deposits were often found. In her right hand, behind her back, is a branch covered with thorns. Powers intended the symbolism to reflect good (the divining rod) versus evil (the thorns), with the additional moral message that all that glitters is not gold. """"California"""" was the first sculpture by an American artist to enter the Metropolitan’s collection.摘自大都会艺术博物馆官网"""
男人肖像,Portrait of a Man,1475,雨果·凡·德尔·戈斯,木板,油画艺术,大都会艺术博物馆,文艺复兴时期,"Hugo van der Goes produced some of the most celebrated altarpieces of the Northern Renaissance. The heightened realism of this portrait, especially the emerging beard, is a hallmark of his work. By setting the man’s head against a dark interior, next to a bright window, the artist creates a dramatic contrast of light and shadow that accentuates the modeling of the facial features. The portrait was later cut into an oval shape from a rectangular panel, which probably formed part of a devotional triptych. The sitter’s gaze is directed toward the missing religious painting, his hands joined in eternal prayer. 摘自大都会艺术博物馆官网"
废墟中的柱廊,A Colonnade in Ruins,18世纪,余贝尔·罗伯尔,画布,油画艺术,大都会艺术博物馆,洛可可,"The ruins in this painting are modelled after Bernini's renowned colonnade for Saint Peter's in Rome. Its pendant, Arches in Ruins (17.190.31), is exhibited in this gallery on the opposite wall over the door. 摘自大都会艺术博物馆官网"
巴特尔·托瓦尔森和韦尔内的半身像,Bertel Thorvaldsen with the Bust of Horace Vernet,1833,贺拉斯·韦尔内,画布,油画艺术,大都会艺术博物馆,新古典主义时期,"The internationally celebrated Danish sculptor Bertel Thorvaldsen spent most of his working life in Rome. He befriended Vernet during the latter's tenure as Director of the French Academy in Rome, between 1829 and 1835. The marble bust represented here was given by Vernet in 1835 to the Musée Calvet, Avignon; the original plaster mold is in the Thorvaldsens Museum, Copenhagen. The present work is a replica of the prime version in the Thorvaldsens Museum, in which the stand at the right is signed and dated 1833. 摘自大都会艺术博物馆官网"
战争,War,1947,杰克逊·波洛克,画纸,素描艺术,大都会艺术博物馆,两次世界大战之间的艺术,"""Born in Wyoming and raised in Arizona and California, Jackson Pollock attended art school and worked in New York where he dominated the art scene in the 1940s and 1950s, becoming widely recognized as the leading Abstract Expressionist in America. Best known for the drip paintings that have come to exemplify the innovations and freedom of Abstract Expressionism, Pollock was also a gifted and prolific draughtsman. In fact, drawing played a seminal role throughout his career. He often used his sketches to work through artistic ideas and experiments, from the realistic studies of the 1930s to the personal symbolism of the 1940s and ultimately to the individually characteristic linear expressionism of the 1950s.Pollock's famous """"War"""" is the only drawing he ever titled"
圣徒科斯马斯和达米安与他们的兄弟在总督利西亚之前,Saints Cosmas and Damian and Their Brothers before the Proconsul Lycias,1866-1946,西利·费德里克·约尼,木板,油画艺术;宗教艺术,大都会艺术博物馆,,
松黑地区新石器时代 三连璧,,约距今7000-5500年,佚名（新石器时代）,玉石,工艺美术;玉石珠宝,台北故宫博物院,史前,璧玉玉质温润莹透，制作古雅，由玉质和制作技法观察，应为红山文化遗物。湖绿色。长8.62cm。
第十幕,Act ten,1804-1812,葛饰北斋,木板,版画艺术,华盛顿国会图书馆,日本江户时代,
猎人,Hunter,,海尔格·达尔曼,画板,油画艺术,私人收藏,20世纪艺术,
羊圈,The Sheepfold,1890,霍雷肖·沃克,画布,油画艺术,大都会艺术博物馆,,
托马斯·纳斯特的全长肖像与两幅漫画,Full-length Portrait of Thomas Nast with Two Caricatures,,,,,大都会艺术博物馆,,小托马斯·纳斯特、梅布尔·纳特·克劳福德和西里尔·纳斯特的礼物，1933年
一大群人聚集在街上，一位女神乘坐四匹马率领的战车在天空中奔跑；Il Fuoco Eterno的布景设计,A large gathering of people in the street as a goddess races across the sky in a chariot led by four horses; set design from 'Il Fuoco Eterno',,,,,大都会艺术博物馆,,哈里斯布里斯班迪克基金会，1953年
赤坂,Akasaka,1804,葛饰北斋,木板,版画艺术,华盛顿国会图书馆,日本江户时代,
无题-43,Untitled-43,1965,杰克·沙德博尔,画纸,素描艺术,,,
玉环,,新石器时代晚期  公元前3100-前2200年,佚名（新石器时代）,玉石,工艺美术;玉石珠宝,台北故宫博物院,史前,青白玉大片赭红斑，尚称温润。厚薄不匀，有裂纹与缺伤，孔由两面对琢而成。外径9.2cm 孔径4.4cm 最厚0.6cm。
佚名（希腊） 兵马俑浮雕,Terracotta relief,,佚名（希腊）,兵马俑,工艺美术,大都会艺术博物馆,古希腊艺术;古罗马艺术,坐着的女人，吹着双笛子，青春洋溢。梅利安浮雕的片段；坐着的女人吹着双笛子，一个男人站着。学术界继续讨论浮雕是古代的还是现代的伪造品。
清代 周天球 墨兰图册（九开）之三,,,周天球,纸本墨笔,中国绘画,北京故宫博物院,清代,
滑稽演员,Harlequin,,维克托·瓦萨雷利,画纸,油画艺术,,战后到后现代,
奥林匹亚宙斯神殿,Tempio di Giove Olimpico in Villa Adriana,1795,阿尔伯特·克里斯托夫,画纸,版画艺术,,,
大胡子男人的肖像,Portrait of a Bearded Man with a Ruff,1625,弗兰斯·哈尔斯,画布,油画艺术,,巴洛克时期,哈尔斯擅画肖像画，并以人物生动的姿态而出名。画中人多数是哈勒姆当地富有的居民，如彼得·范·登·布卢克和以撒·马萨。他还绘有不少群体肖像，主题多是公民警卫。他的画作生动地表现了社会不同层次中的人民与生活：军官的宴席或会议、枪手、工会成员、海军上将、将军、镇长、商人、律师、文员、流浪演员和歌手、名门世家、世俗老妪等等，展现出黄金时代期间荷兰人生活乐观、富裕的面貌。哈尔斯善于捕捉人物瞬间的表情，并能以巧妙而奔放的笔触将其栩栩如生地展现在画布上，生动的画面一反传统肖像画中人物死板的姿态。在群体肖像中，哈尔斯力求描绘每个人独特的面貌使他们清晰可辨，而人物生动的表情与姿势则体现了不同的性格，也使画面看起来更加真实。
清代 李世倬 画山水册（十开）之三 仿倪瓒山水,,,李世倬,纸本设色,中国绘画,台北故宫博物院,清代,作者款识：本幅，行书。浴鹤图，仿云林子，李世倬。（印记：李，世倬，画禅）收传印记：机到笔随，三锡，怀邦收藏著录：故宫书画录（卷八），第四册，页147；故宫书画图录，第二十五册，页120-123。
海景,Seascape,,海尔格·达尔曼,画板,油画艺术,私人收藏,20世纪艺术,
拿阳伞的女人,Portrait of a lady holding a parasol,1904,乔治·斯宾塞·沃森,画布,油画艺术,私人收藏,浪漫主义时代,
Sadie Herne，《弗吉尼亚亮烟》演员系列（N45，1型）,"Sadie Herne, from the Actors and Actresses series (N45, Type 1) for Virginia Brights Cigarettes",,,,,大都会艺术博物馆,,杰斐逊·伯迪克收藏，杰斐逊·波迪克的礼物
格蕾丝·亨德森，来自《弗吉尼亚亮烟》的演员系列（N45，1型）,"Grace Henderson, from the Actors and Actresses series (N45, Type 1) for Virginia Brights Cigarettes",,,,,大都会艺术博物馆,,杰斐逊·伯迪克收藏，杰斐逊·波迪克的礼物
星期日，坎布里尔斯,"Sunday, Cambrils",1933,安东尼·格罗斯,画纸,版画艺术,大都会艺术博物馆,当代艺术,
巴黎人,Parisian,,海尔格·达尔曼,画布,油画艺术,私人收藏,20世纪艺术,
新石器时代晚期 耳饰玦,,公元前5000-前2000年,佚名（新石器时代）,玉石,工艺美术;玉石珠宝,台北故宫博物院,史前,玉圆周尚正，实体部份(肉)的横断面，呈两端略尖的椭圆形。青绿色闪玉，表面抛光不细。青绿色闪玉，表面抛光不细，圆周尚正，实体部份(肉)的横断面，呈两端略尖的椭圆形。疑为新石器时代玉环，被后代切出窄缺口，待考。直径5.4cm 厚0.7cm。
新石器时代晚期 小璧,,公元前5000-前2000年,佚名（新石器时代）,玉石,工艺美术;玉石珠宝,台北故宫博物院,史前,玉为较小而厚的璧，制作尚圆，厚薄较匀。青白色玉，满布赭黑至墨绿色斑。青白色玉，满布赭黑至墨绿色斑。为较小而厚的璧，制作尚圆，厚薄较匀。直径5.4cm 厚0.7cm。
清代 蒋廷锡 写生花卉图册2（十二开）之八 山丹金丝桃,,清圣祖康熙六十年（1721年）,蒋廷锡,纸本墨笔,中国绘画,台北故宫博物院,清代,作者印记：妙与道俱。收藏著录：石渠宝笈续编（养心殿），第二册，页1166；故宫书画录（卷八），第四册，页144；故宫书画图录，第二十四册，页292-295。
构图,Daymon,1982,维克托·瓦萨雷利,画布,油画艺术,私人收藏,战后到后现代,
无题-55,Untitled-55,1965,杰克·沙德博尔,画纸,素描艺术,,,
草虫杂画册之八-枫叶蝉,,1954年,齐白石,纸本水墨设色,中国绘画,辽宁省博物馆,近现代,款题：白石老人印章：齐白石（白文）著录：《齐白石画集》第69图，辽宁省博物馆编，辽宁美术出版社，1961年，潘阳。（参考文献：齐白石绘，李松涛主编，《齐白石全集》第七卷，湖南美术出版社，1996.10）
土星的所在地；土星坐在废墟的宝座上，与一位国王和站在他面前的三个人交谈；两侧墙壁上排列着四个吞噬土星的孩子；《La Monarchia Latina Trionfante》的布景设计,"The Seat of Saturn; Saturn at center, seated on a throne of rubble, conversing with a king and three men who stand before him; lining the walls on each side are four figures of Saturn devouring children; set design from 'La Monarchia Latina Trionfante'",,,,,大都会艺术博物馆,,哈里斯布里斯班迪克基金会，1953年
明代 文徵明 画扇页（山水）,,1543年,文徵明,纸本设色,中国绘画,台北故宫博物院,明代,作者款识：癸卯（公元一五四三）九月既望征明制。作者印记：征、明、停云。收传印记：宝宋楼珍藏、马二良真赏。收藏著录：故宫书画录（卷八），第四册，页162；故宫书画图录，第二十九册，页226-229。
无题-60,Untitled-60,,杰克·沙德博尔,画纸,素描艺术,,,
无题-44,Untitled-44,1965,杰克·沙德博尔,画纸,素描艺术,,,
新石器时代晚期 耳饰玦,,公元前5000-前2000年,佚名（新石器时代）,玉石,工艺美术;玉石珠宝,台北故宫博物院,史前,玉圆片状，厚薄较匀，缺口较窄，明显地留下由两面对切的不平整痕迹。上端琢一两面对钻而成的小穿，穿缘有长期穿系绳索悬挂的磨痕。黄绿色闪玉，局部赭沁。黄绿色闪玉，局部赭沁。圆片状，厚薄较匀，缺口较窄，明显地留下由两面对切的不平整痕迹。上端琢一两面对钻而成的小穿，穿缘有长期穿系绳索悬挂的磨痕。高0.2cm 外径4.5cm 内径1.8cm 直径4.63cm 孔径1.93cm 厚0.54-0.41cm 缺宽0.23-0.14。
圣徒科斯马斯和达米安与他们的兄弟被天使救了之后被判处溺水死刑,Saints Cosmas and Damian and Their Brothers Saved by an Angel After They Have Been Condemned to Death by Drowning,1866-1946,西利·费德里克·约尼,木板,油画艺术;宗教艺术,大都会艺术博物馆,,
罗恩街,"RUE DE BRUTUS, ROUEN",1924,安东尼·格罗斯,画纸,版画艺术,,当代艺术,
远处楼梯上有四个人的戏剧场景，其中两个人在打架,"Theatrical scene with four figures on a staircase in the distance, two of which are engaged in a brawl",,,,,大都会艺术博物馆,,伊莱沙·惠特尔西收藏，伊莱沙·惠特尔西基金，1962年
荷花蜻蜓2,,,齐白石,纸本设色,中国绘画,,近现代,齐白石主张艺术“妙在似与不似之间”，绘画师法徐渭、朱耷、石涛、吴昌硕等，以瓜果菜蔬、花鸟虫鱼为工绝，并兼及人物、山水，与吴昌硕共享“南吴北齐”之美誉，以其纯朴的民间艺术风格与传统的文人画风相融合，达到了中国现代花鸟画最高峰。
库鲁格,Coulourgues,1977,安东尼·格罗斯,画纸,版画艺术,,当代艺术,
第三幕,Act three,1804-1812,葛饰北斋,木板,版画艺术,华盛顿国会图书馆,日本江户时代,
无题-59,Untitled-59,1988-1989,杰克·沙德博尔,画纸,素描艺术,,,
佚名（希腊） 玛瑙金龟子,Carnelian scarab,,佚名（希腊）,卡尼尔派的,工艺美术,大都会艺术博物馆,古希腊艺术;古罗马艺术,特洛伊木马
无题-75,Untitled-75,,杰克·沙德博尔,画纸,水粉画,,,
耕织图册（二十三开）—浸种,,,陈枚,绢本设色,中国绘画,台北故宫博物院,清代,清圣祖康熙三十八年（一六九九）由官方出版《佩文斋耕织图》，康熙帝亲自写序作诗，而图版则出自院画家焦秉贞之手，再由朱圭镌刻完成。本幅详绘旧日农家耕种稻谷与养蚕织布的程序。据其上高宗乾隆四年（一七三九）跋云，此册乃为体念圣祖重农桑，勤恤民隐之心，而命臣工再绘前图，并录旧作于上，故不论诗文、画风均与康熙年之作相类。清高宗题跋：气布青阳造化功。东郊俶载万方同。溪流浸种如油绿。生意含春秀色笼。浸种。印记：中和、乾隆宸翰、几暇临池。鉴藏宝玺：乾隆御览之宝、乾隆鉴赏、石渠宝笈、重华宫鉴藏宝。收藏著录：1.石渠宝笈初编（重华宫），下册，页751-755。2.故宫书画录（卷八），第四册，页154。3.故宫书画图录，第二十五册，页174-181。（来源：台北故宫博物院官网）
蚂蚱图,,,齐白石,纸本设色,中国绘画,,近现代,齐白石的画，反对不切实际的空想，他注意花、鸟、虫、鱼的特点，揣摹它们的精神；画虾灵动活泼，栩栩如生，神韵充盈，用淡墨掷笔，绘成躯体，浸润之色，更显虾体晶莹剔透之感，以浓墨竖点为睛，横写为脑，落墨成金，笔笔传神，细笔写须、爪、大螯，刚柔并济、凝练传神。他曾说：为万虫写照，为百鸟张神，要自己画出自己的面目。
瀑布,Cascatella di Tivoli,1792,阿尔伯特·克里斯托夫,画纸,版画艺术,,,
佚名（希腊） 雪花石膏玻璃（香水瓶）,Glass alabastron (perfume bottle),,佚名（希腊）,玻璃,工艺美术,大都会艺术博物馆,古希腊艺术;古罗马艺术,半透明钴蓝色，手柄颜色相同；不透明的白色轨迹。宽阔的水平边缘圆盘，围绕颈部顶部做成螺旋状线圈；短圆柱颈；窄斜肩；直边圆柱体；凸底；在上体上，两个垂直的环柄，穿孔，应用在痕迹图案上。附在轮辋盘边缘的痕迹；从肩部到底部边缘的另一条痕迹，用工具加工成六个向上笔画的花彩图案，在身体顶部形成环。完整，边缘盘上的痕迹除外；暗沉、一些点蚀和微弱的彩虹色风化。
耕地,The Harrower,1890-1895,霍雷肖·沃克,画布,油画艺术,大都会艺术博物馆,,
石山上的秋月,Autumn moon at Ishiyama,1804-1810,葛饰北斋,木板,版画艺术,华盛顿国会图书馆,日本江户时代,
赫恩湾码头,Herne Bay Pier,1947,安东尼·格罗斯,画纸,版画艺术,,当代艺术,
一个男人走向一个女人，她嘴里叼着高脚杯，身后是一座水磨和山脉，一幅椭圆形的构图,"A man steps toward a woman who holds a goblet to her mouth, a watermill and mountains beyond, an oval composition",,,,,大都会艺术博物馆,,菲利斯·马萨的遗赠，2011
清代 李世倬 画山水册（十开）之二 仿黄公望山水,,,李世倬,纸本设色,中国绘画,台北故宫博物院,清代,作者款识：本幅，行书。仿大痴道人，倬。（印记：画禅，世倬）收传印记：三锡，怀邦收藏著录：收藏著录：故宫书画录（卷八），第四册，页147；故宫书画图录，第二十五册，页120-123。
安娜·詹姆森，《弗吉尼亚亮烟》演员系列（N45，1型）,"Anna Jameson, from the Actors and Actresses series (N45, Type 1) for Virginia Brights Cigarettes",,,,,大都会艺术博物馆,,杰斐逊·伯迪克收藏，杰斐逊·波迪克的礼物
无题-53,Untitled-53,1966,杰克·沙德博尔,画纸,素描艺术,,,
佚名（希腊） 壁画碎片,Wall painting fragment,,佚名（希腊）,壁画,工艺美术,大都会艺术博物馆,古希腊艺术;古罗马艺术,在黑色的土地上；蓝色玫瑰花结与白色亮点；玫瑰花结之间的黄色卷须。
风景,Landschaft mit der Erziehung des Jupiter,1783,阿尔伯特·克里斯托夫,画布,油画艺术,,,
绿色靠垫,The Green Cushion,1895,欧文·拉姆齐·威尔斯,画纸,水彩画,大都会艺术博物馆,,"""This watercolor portrays a young woman reclining on an Empire revival-style recamier couch. The woman at leisure was a popular subject in late-nineteenth-century American painting. An exceptionally fresh demonstration of Wiles's work in watercolor, """"The Green Cushion"""" was awarded the William T. Evans Prize for the best entry at the American Water Color Society's 1897 exhibition. 摘自大都会艺术博物馆官网"""
清代 金俊明 梅花图册（十六开）之一,,,金俊明,纸本墨笔,中国绘画,北京故宫博物院,清代,
圣文森特费雷尔的生活场景,Scenes from the Life of Saint Vincent Ferrer,,弗朗切斯科·德尔·科萨,画布,油画艺术;宗教艺术,英国国家美术馆,哥特式艺术,
花卉草虫册页（十七开）之红梅双蝶图,,,齐白石,纸本设色,中国绘画,,近现代,齐白石的画，反对不切实际的空想，他注意花、鸟、虫、鱼的特点，揣摹它们的精神；画虾灵动活泼，栩栩如生，神韵充盈，用淡墨掷笔，绘成躯体，浸润之色，更显虾体晶莹剔透之感，以浓墨竖点为睛，横写为脑，落墨成金，笔笔传神，细笔写须、爪、大螯，刚柔并济、凝练传神。他曾说：为万虫写照，为百鸟张神，要自己画出自己的面目。
无题,Untitled,1948-1949,杰克逊·波洛克,画纸,油画艺术,大都会艺术博物馆,两次世界大战之间的艺术,
别墅,"Muro torto, preso in villa Borghese",1792,阿尔伯特·克里斯托夫,画纸,版画艺术,,,
四个头（来自莱昂纳多·达·芬奇的《查拉科图拉斯》，来自波特兰博物馆的Wincelslaus Hollar的《绘画》）,"Four Heads (from Characaturas by Leonardo da Vinci, from Drawings by Wincelslaus Hollar, out of the Portland Museum)",,,,,大都会艺术博物馆,,哈里斯布里斯班迪克基金会，1953年
清代 金俊明 梅花图册（十六开）之六,,,金俊明,纸本墨笔,中国绘画,北京故宫博物院,清代,
清代 周天球 墨兰图册（九开）之九,,,周天球,纸本墨笔,中国绘画,北京故宫博物院,清代,
冬天的心情,WINTER MOOD,,海尔格·达尔曼,画板,油画艺术,私人收藏,20世纪艺术,
法国的解放与战役：诺曼底卡昂废墟中的圣让教堂,"Liberation and Battle of France: The Church of St Jean among the Ruins of Caen, Normandy",1944,安东尼·格罗斯,画纸,水彩画,,当代艺术,
景观与螳螂,Landscape with praying mantis,1972,安东尼·格罗斯,画纸,版画艺术,,当代艺术,
Ilga小姐，《弗吉尼亚光明香烟》演员系列（N45，1型）,"Fräulein Ilga, from the Actors and Actresses series (N45, Type 1) for Virginia Brights Cigarettes",,,,,大都会艺术博物馆,,杰斐逊·伯迪克收藏，杰斐逊·波迪克的礼物
无题-68,Untitled-68,,杰克·沙德博尔,画纸,水粉画,,,
瀑布和圣洛桥,Cascata e Ponte di San Rocco a Tivoli,1795,阿尔伯特·克里斯托夫,画纸,版画艺术,,,
第四幕,Act four,1804-1812,葛饰北斋,木板,版画艺术,华盛顿国会图书馆,日本江户时代,
六宝石河的跳动,Beating cloth of The Six Jewel Rivers,1801-1805,葛饰北斋,木板,版画艺术,华盛顿国会图书馆,日本江户时代,
室内,Interior,1963,海尔格·达尔曼,画板,油画艺术,私人收藏,20世纪艺术,
龙山—齐家系 玉刀,,龙山—齐家系  约距今4600-3600年,佚名（新石器时代）,玉石,工艺美术;玉石珠宝,台北故宫博物院,史前,不对称长刀形灰青色带褐色玉灰青色带褐色不均匀玉质，器面上带有白色网丝纹。全器呈不对称长刀形，凹弧刃，刃缘有崩伤，沿背缘处钻三孔，单面钻。长37.7cm 宽8.9-10.5cm 厚0.6cm
佚名（希腊） 玻璃oinochoe（香水壶）,Glass oinochoe (perfume jug),,佚名（希腊）,玻璃,工艺美术,大都会艺术博物馆,古希腊艺术;古罗马艺术,半透明绿色，手柄和底座颜色相同；不透明的黄色，不透明的白色，和不透明的绿松石蓝色的痕迹。应用三叶草边缘盘与长嘴；圆柱颈；宽阔的圆肩；身体的侧面稍微凸起，有向下的锥度；采用底部凹陷的低椭圆形衬垫底座；肩部外缘的带柄向上呈圆形，拱起在轮圈上方，压在轮圈背面和颈部顶部。轮圈边缘有一条黄色的细迹；另一条未被发现的黄色轨迹在脖子上盘旋了六圈半；第三条黄色的花纹，大理石花纹，从肩部边缘开始，在身体上以水平线绕一圈，然后加工成倒置的花彩图案，延伸到底部；以交替的线条与之融合，绿松石蓝色和白色的轨迹在23个垂直面板中向下划动，在身体上形成垂直的罗纹；另一条未测量的黄色痕迹缠绕在衬垫底座的边缘。完整，但肩部周围有内部裂缝和一个修复区域；轻微的暗沉和点蚀，奶油色的彩虹色风化，边缘盘和部分底座上的灰褐色外壳。在公元前四世纪末，香水容器通常比它们的前身大得多，装饰非常优雅，精致的彩色线梳成锯齿状、羽毛状或花彩图案。
赫尔辛基东正教教堂,"Orthodox chapel, Helsinki",1970,海尔格·达尔曼,画板,油画艺术,私人收藏,20世纪艺术,
良渚文化晚期 玉琮,,良渚文化晚期 约距今4500-4200年,佚名（新石器时代）,玉石,工艺美术;玉石珠宝,台北故宫博物院,史前,玉深碧绿色泛深浅赭班外方内圆琮形高方柱体，略呈上大下小。中孔由两端对钻，接合处有不整齐的台阶面。上射口略外撇，下射口较直。以四个方转角为小眼纹的中心，自上而下，雕琢十七节小眼面纹，玉琮的上射口上，刻一上大下小的立柱，下方接着五个小圆圈。其内涵或与当时人们信奉的「神鸟」有关。表面还留有最初切璞时的圆弧形凹陷痕。高 47.2cm 上端宽 7.7-7.8cm 下端宽6.8cm 孔径4.2-4.3cm。
王室成员坐在华盖下，观看舞者表演《乌利塞海岸》的开幕芭蕾舞,"The royal family sitting under a canopy, watching dancers perform the opening ballet of 'La Costanza d'Ulisse'",,,,,大都会艺术博物馆,,哈里斯布里斯班迪克基金会，1953年
无题-56,Untitled-56,1967,杰克·沙德博尔,画纸,水彩画,,,
无题-77,Untitled-77,,杰克·沙德博尔,画纸,水粉画,,,
饥饿的鸟，来自“图形”圣诞号码,"""Hungry Birds, from """"The Graphic"""" Christmas Number""",,,,,大都会艺术博物馆,,多纳托·埃斯波西托的礼物，2015
"一个女人坐着,她的头转向回顾她的右肩","A woman seated, with her head turned to look back over her right shoulder",1830-1850,葛饰北斋,画纸,日本绘画,华盛顿国会图书馆,日本江户时代,
麦当娜和孩子与婴儿施洗者圣约翰，三个女人和一个天使,"Madonna and Child with the Infant Saint John the Baptist, Three Women, and an Angel",,,,,大都会艺术博物馆,,伊莱沙·惠特尔西收藏，伊莱沙·维特尔西基金，2015年
巴黎圣母院,NOTRE-DAME,1947,海尔格·达尔曼,画板,油画艺术;宗教艺术,私人收藏,20世纪艺术,
星蒂沃利寺,Tempj della Sibilla e Vesta a Tivoli,1798,阿尔伯特·克里斯托夫,画纸,版画艺术,,,
新石器时代良渚文化中期 琮式管,,良渚文化中期  公元前2900-2500年,佚名（新石器时代）,玉石,工艺美术;玉石珠宝,台北故宫博物院,史前,较浅而清亮的黄泛青色玉，局部沁为枯赭色。全器做方柱体。中有圆形穿。琢两节小眼面纹，纹饰凹凸明显，分节的凹漕槽亦宽深。双长横棱已连成一宽带，上饰平形阴线弦纹。单圈示眼，一两端向上圆转的卷云纹，以示鼻头鼻翼。长1cm 宽1cm 高2.4cm。
佚名（希腊） 受伤的亚马逊大理石雕像,Marble statue of a wounded Amazon,,佚名（希腊）,大理石,工艺美术,大都会艺术博物馆,古希腊艺术;古罗马艺术,小腿和脚已经用取自柏林和哥本哈根的模型修复。右臂、柱子下部和底座的大部分都是18世纪的大理石修复品。在希腊艺术中，亚马逊人，一个神话中的小亚细亚女战士种族，经常被描绘成与赫拉克勒斯、阿喀琉斯和忒修斯等英雄作战。这座雕像代表了一位从战斗中走出来的难民，她失去了武器，右胸下的伤口流血不止。她的肩上没有系上皮带，腰上系着一个临时的马缰绳。尽管她处境艰难，但她的脸上没有疼痛或疲劳的迹象。她轻轻地靠在左边的一根柱子上，右臂优雅地放在头上，这个手势通常用来表示睡眠或死亡。这种情感上的克制是公元前五世纪下半叶古典艺术的特征。最初的雕像可能矗立在小亚细亚海岸以弗所的阿耳忒弥斯大庙的区域内，亚马逊人在那里与女神有着传奇和邪教的联系。罗马作家老普林尼（Plini The Elder）描述了公元前五世纪中期，五位著名雕塑家，包括菲迪亚斯（Phidias）、波利克利托斯（Polykleitos）和克雷西拉斯（Kresilas）之间举行的一场比赛，他们将为神庙制作一尊亚马逊雕像。这种类型的雕像通常与那场比赛有关。
无题-78,Untitled-78,1970,杰克·沙德博尔,画纸,水粉画,,,
无题-79,Untitled-79,1972,杰克·沙德博尔,画纸,水粉画,,,
美丽的村庄,Beautiful Cottage,,托马斯·金凯德,画布,油画艺术,,,
《杜娜的归来》，选自《伦敦画报》,"""The Duenna's Return, from """"Illustrated London News""""""",,,,,大都会艺术博物馆,,多纳托·埃斯波西托的礼物，2015
一位旅行者坐着，穿着长袍，靴子，戴着一顶圆锥形的帽子，抽了一个长长的烟斗，一个小袋子在他脚旁的地上,"A traveler seated, wearing a robe, boots, and rounded-top conical hat, smoking a long pipe; a small bag is on the ground next to his feet",1830-1850,葛饰北斋,画纸,日本绘画,华盛顿国会图书馆,日本江户时代,
佚名（希腊） kouros（青年）大理石雕像,Marble statue of a kouros (youth),,佚名（希腊）,大理石，纳仙,工艺美术,大都会艺术博物馆,古希腊艺术;古罗马艺术,这是阿提卡雕刻的最早的大理石雕像之一。左腿向前、手臂放在一边的僵硬姿势源自埃及艺术。这个姿势提供了一个清晰、简单的公式，希腊雕塑家在整个公元前六世纪都使用这个公式。在这个早期的图形中，几乎抽象的几何形式占主导地位；解剖细节以美丽的相似图案呈现。这尊雕像是一位年轻的雅典贵族的坟墓。
和山羊玩耍的孩子们,Children Playing with a Goat,18世纪,雅各布·德·维特,画布,油画艺术,大都会艺术博物馆,巴洛克时期,
清代 蒋廷锡 写生花卉图册2（十二开）之九 月季,,清圣祖康熙六十年（1721年）,蒋廷锡,纸本墨笔,中国绘画,台北故宫博物院,清代,作者印记：西谷。收藏著录：石渠宝笈续编（养心殿），第二册，页1166；故宫书画录（卷八），第四册，页144；故宫书画图录，第二十四册，页292-295。
清代 金俊明 梅花图册（十六开）之四,,,金俊明,纸本墨笔,中国绘画,北京故宫博物院,清代,
锯齿形,Zig-Zag,,维克托·瓦萨雷利,,油画艺术,,战后到后现代,
刺柏景观,Landscape with Juniper,1958,安东尼·格罗斯,画纸,版画艺术,,当代艺术,
别墅,Terme publiche in villa Adriana,1794,阿尔伯特·克里斯托夫,画纸,版画艺术,,,
阳光普照的村庄,Sun drenched village,1927,安东尼·格罗斯,画布,,,当代艺术,
佚名（希腊） 赤陶单柄杯,Terracotta one-handled cup,,佚名（希腊）,兵马俑,工艺美术,大都会艺术博物馆,古希腊艺术;古罗马艺术,来自Hymettos矿床（见30.118.1）
马德里瓜达拉马山脉,La Sierra de Guadarama Madrid,1924,安东尼·格罗斯,画纸,版画艺术,,当代艺术,
圣弗洛里安,Saint Florian,1473,弗朗切斯科·德尔·科萨,画布,油画艺术;宗教艺术,,哥特式艺术,
一个女人站着全身像,"A woman, possibly a courtesan, full-length, standing, facing left",1830-1850,葛饰北斋,画纸,日本绘画,华盛顿国会图书馆,日本江户时代,
月曼清游图册（十二开）—正月“寒夜探梅”,,,陈枚 梁诗正,绢本设色,中国绘画,北京故宫博物院,清代,《月曼清游图》册描绘的是宫廷嫔妃们一年12个月的深宫生活：正月“寒夜探梅”、二月“杨柳荡千”、三月“闲亭对弈”、四月“庭院观花”、五月“水阁梳妆”、六月“碧池采莲”、七月“桐荫乞巧”、八月“琼台玩月”、九月“重阳赏菊”、十月“文窗刺绣”、十一月“围炉博古”、十二月“踏雪寻诗”。此幅为正月“寒夜探梅”。正月里，上元之夜，华灯溢彩，银月似盘，梅花绽放，宫中嫔妃们结伴游玩。　　通过这一幅幅生动的画面体现了宫廷生活与民间生活的密切关联。嫔妃们的活动内容，在民间生活中均习以为常，只不过由于宫廷的特殊地位，而令这些活动从内容到形式都具有更加富贵、繁琐及典制化的特点。　　作者在人物创作的审美取向上有别于唐代张萱、周昉笔下体态丰腴的嫔妃形象，而以明代唐寅、仇英笔下的仕女画为审美标准，追求秀润飘逸的情致。画家以工细流畅的线条和亮丽鲜活的色彩将嫔妃们描绘成身材修长、体态轻盈、“倚风娇无力”之貌。她们三五成群地行进在以界画表现的亭台楼阁内或是细笔勾染皴点的花石下。富贵闲逸的宫苑生活令她们的物质生活十分充足，也使她们的精神世界极度贫乏。　　在技法上，此图所绘人物造型生动准确，笔致工细严谨，源于宋代院体画风。图中的楼台房室建筑则采用西洋焦点透视法绘成，根据图中透视线斜度的变化，可以准确地推求出灭点的具体位置，从而加强了平面画幅的立体、纵深效果，在有限的画面上扩展出无限的空间。　　此图册于乾隆三年（1738年）绘成后深得乾隆皇帝的赞赏。乾隆帝于六年谕令皇宫“造办处”的优秀匠人，如擅镶嵌技艺的常存，擅牙雕工艺的陈祖章、陈观泉父子及顾彭年、萧汉振等，以陈枚的这本图册为画稿，用象牙、玉石等进行雕刻。匠人们精雕细琢，密切结合牙雕和镶嵌的技艺特点，令画面层次分明，富有立体感。这件雕有103人的牙雕精品被称作“百美图”。乾隆皇帝在为它题写诗文时将其正式定名为《月曼清游》。（来源：北京故宫博物院官网）
Lulu Herne，来自演员和女演员系列（N45，1型），为弗吉尼亚光明香烟,"Lulu Herne, from the Actors and Actresses series (N45, Type 1) for Virginia Brights Cigarettes",,,,,大都会艺术博物馆,,杰斐逊·伯迪克收藏，杰斐逊·波迪克的礼物
多子图,,,齐白石,纸本墨笔,中国绘画,,近现代,齐白石主张艺术“妙在似与不似之间”，绘画师法徐渭、朱耷、石涛、吴昌硕等，以瓜果菜蔬、花鸟虫鱼为工绝，并兼及人物、山水，与吴昌硕共享“南吴北齐”之美誉，以其纯朴的民间艺术风格与传统的文人画风相融合，达到了中国现代花鸟画最高峰。
胜利之后，摘自《伦敦新闻画报》,"""After the Victory, from """"Illustrated London News""""""",,,,,大都会艺术博物馆,,多纳托·埃斯波西托的礼物，2015
一个老妇人的肖像,Portrait of an Old Woman,17世纪,雅各布·代·巴克,木板,油画艺术,大都会艺术博物馆,文艺复兴时期,
文姬归汉图,,,范曾,设色绢本,中国绘画,,当代,范曾，1938年生于江苏南通，中国书画大师，著名国学家、诗人。现为北京大学讲席教授，中国画法研究院院长，英国格拉斯哥大学、加拿大阿尔伯塔大学名誉文学博士，中国艺术研究院博士生导师、终身研究员，南开大学终身教授，南开大学文学院、历史学院博士生导师，南通大学终身教授，稽山书院、盘山书院院长。（雅昌艺术网）
龙山—齐家系 玉琮,,齐家文化 约距今4600-3600年,佚名（新石器时代）,玉石,工艺美术;玉石珠宝,台北故宫博物院,史前,内圆外方琮形玉暗灰绿色红沁暗灰绿色青玉质，密布黑色藻丝包裹体沉积结构，局部红沁斑。内圆外方琮形，制作工整，四面平整，射颈较短（占器身的比例），射口内缘、外缘均圆整，孔壁垂质光滑，从颈至肩呈斜面。附：此器出射的方式似与一般齐家文化风格的玉琮不同，其切角较浅，而射颈的部位经相当多的功夫磨饰，惟玉料属齐家文化常用的玉料，因此，仍订为齐家文化风格之物。高 32cm 边较宽 10.5cm 孔径 8.0cm 较厚 1.7 cm。
清代 蒋廷锡 写生花卉图册2（十二开）之十二 梅花,,清圣祖康熙六十年（1721年）,蒋廷锡,纸本墨笔,中国绘画,台北故宫博物院,清代,作者款识：本幅，行书。辛丑（公元一七二一年）八月写。蒋廷锡。（印记：蒋廷锡、扬孙、西谷、青桐轩书画记、生花）鉴藏宝玺：三希堂精鉴玺、宜子孙、乾隆鉴赏、宣统鉴赏、无逸斋精鉴玺收藏著录：石渠宝笈续编（养心殿），第二册，页1166；故宫书画录（卷八），第四册，页144；故宫书画图录，第二十四册，页292-295。
王座室中央站着一名身穿古典盔甲的男子，向坐在左边王座上的男子讲话；士兵们在房间的两边排成一行；Il Fuoco Eterno的布景设计,Throne room with a man in classical armor standing at center addressing a man seated on a throne at left; soldiers lined on either side of the room; set design from 'Il Fuoco Eterno',,,,,大都会艺术博物馆,,哈里斯布里斯班迪克基金会，1953年
别墅守护者,Villa Mecenate,1798,阿尔伯特·克里斯托夫,画纸,版画艺术,,,
新石器时代 旧玉圆(玉勒),,新石器时代  公元前3500~1500年,佚名（新石器时代）,玉石,工艺美术;玉石珠宝,台北故宫博物院,史前,白玉，有片状赭斑。全器作圆柱体，上下有通心圆形穿。外壁两端及中央各有细带纹一道，带纹间琢图案纹饰。自新石器时代至明清，历代都有玉管的制作，既可串连多件玉管组成项链，亦可与其它玉饰串连形成组佩。目前对光素无纹的圆管、方管，较不易断代，仅能从其制作是否端正、钻孔是否平整来推估制作时间的早晚。此件玉管的尺寸与形制颇相似于东汉玉刚卯，是否为尚未刻字的玉刚卯，无法确定。直径1cm 高3.1cm。
一个岩石崩塌的洞穴，通向天空，里面满是奥林匹斯山的坐着的神，包括木星、阿波罗、火星、金星和水星；《La Monarchia Latina Trionfante》的布景设计,"A grotto with collapsing rocks, opening to a sky full of the enthroned gods of Olympus, including Jupiter, Apollo, Mars, Venus, and Mercury; set design from 'La Monarchia Latina Trionfante'",,,,,大都会艺术博物馆,,哈里斯布里斯班迪克基金会，1953年
一艘划艇将一艘船驶向岸边，而一大群人从海岸和中间的桥上眺望；左上角的天空中出现了一个神；Il Fuoco Eterno的布景设计,A row boat leading a ship to shore while a large group of figures looks on from the coast and along the bridge at center; a deity appears in the sky at upper left; set design from 'Il Fuoco Eterno',,,,,大都会艺术博物馆,,哈里斯布里斯班迪克基金会，1953年
一九三二年画螃蟹,,1932年,齐白石,纸本墨笔,中国绘画,中国美术馆,近现代,
Silenus的胜利,Triumph of Silenus,,,,,大都会艺术博物馆,,哈里斯布里斯班迪克基金和伊莱沙·惠特尔西收藏，伊莱沙·惠特尔西基金，按交易所分类，1954年
静物与番茄,Still life with tomatoes,,海尔格·达尔曼,画布,油画艺术,私人收藏,20世纪艺术,
月曼清游图册（十二开）—十二月“踏雪寻诗”,,,陈枚 梁诗正,绢本设色,中国绘画,北京故宫博物院,清代,《月曼清游图》册描绘的是宫廷嫔妃们一年12个月的深宫生活：正月“寒夜探梅”、二月“杨柳荡千”、三月“闲亭对弈”、四月“庭院观花”、五月“水阁梳妆”、六月“碧池采莲”、七月“桐荫乞巧”、八月“琼台玩月”、九月“重阳赏菊”、十月“文窗刺绣”、十一月“围炉博古”、十二月“踏雪寻诗”。此幅为十二月“踏雪寻诗”。腊月中，天寒地冻，嫔妃们聚于温暖的厅堂中，一边烹茶，一边观雪，吟诗作乐，时有女伴裘衣貂帽，踏雪携友 ，前来助兴。　　通过这一幅幅生动的画面体现了宫廷生活与民间生活的密切关联。嫔妃们的活动内容，在民间生活中均习以为常，只不过由于宫廷的特殊地位，而令这些活动从内容到形式都具有更加富贵、繁琐及典制化的特点。　　作者在人物创作的审美取向上有别于唐代张萱、周昉笔下体态丰腴的嫔妃形象，而以明代唐寅、仇英笔下的仕女画为审美标准，追求秀润飘逸的情致。画家以工细流畅的线条和亮丽鲜活的色彩将嫔妃们描绘成身材修长、体态轻盈、“倚风娇无力”之貌。她们三五成群地行进在以界画表现的亭台楼阁内或是细笔勾染皴点的花石下。富贵闲逸的宫苑生活令她们的物质生活十分充足，也使她们的精神世界极度贫乏。　　在技法上，此图所绘人物造型生动准确，笔致工细严谨，源于宋代院体画风。图中的楼台房室建筑则采用西洋焦点透视法绘成，根据图中透视线斜度的变化，可以准确地推求出灭点的具体位置，从而加强了平面画幅的立体、纵深效果，在有限的画面上扩展出无限的空间。　　此图册于乾隆三年（1738年）绘成后深得乾隆皇帝的赞赏。乾隆帝于六年谕令皇宫“造办处”的优秀匠人，如擅镶嵌技艺的常存，擅牙雕工艺的陈祖章、陈观泉父子及顾彭年、萧汉振等，以陈枚的这本图册为画稿，用象牙、玉石等进行雕刻。匠人们精雕细琢，密切结合牙雕和镶嵌的技艺特点，令画面层次分明，富有立体感。这件雕有103人的牙雕精品被称作“百美图”。乾隆皇帝在为它题写诗文时将其正式定名为《月曼清游》。（来源：北京故宫博物院官网）
无题-57,Untitled-57,1978,杰克·沙德博尔,画纸,素描艺术,,,
佚名（希腊） 阿佛洛狄特的大理石雕像，也就是所谓的“基因母”,"Marble statue of Aphrodite, the so-called Venus Genetrix",,佚名（希腊）,大理石,工艺美术,大都会艺术博物馆,古希腊艺术;古罗马艺术,公元前5世纪末的希腊青铜雕像的复制品，被认为是卡利马科斯的。这位女神穿着一件无袖、无袖的薄质紧身上衣，露出了她身体的每一个曲线。她在站立和行走之间的姿势是由雕塑家Polykleitos在公元前五世纪中期发展起来的。她最初用右手举起斗篷的一边，另一边可能拿着一个苹果。
红山文化晚期 鸟形玉佩,,红山文化晚期 约距今5500-5000年,佚名（新石器时代）,玉石,工艺美术;玉石珠宝,台北故宫博物院,史前,青绿玉，有微量黑点，局部赭沁。以浅浮雕线纹，勾勒出圆眼和翼部、尾部的平行饰纹等，为典型的红山文化遗物，距今约五、六千年前。出土和传世的红山玉鸟多在3至5公分左右。此件宽达7.4公分，为难得的佳品。玉鸟青绿玉，有微量黑点，局部赭沁。宽7.4cm。
埃塞尔·库欣夫人,Mrs. Ethel Cushing,1912-1914,霍华德·库欣,画布,油画艺术,大都会艺术博物馆,,
前厅有警卫的罗马古玩；《永恒之火》的布景设计,The Roman curia with guards in the anteroom; set design from 'Il Fuoco Eterno',,,,,大都会艺术博物馆,,哈里斯布里斯班迪克基金会，1953年
海伦小姐，《弗吉尼亚亮烟》演员系列（N45，1型）,"Mlle. Helen, from the Actors and Actresses series (N45, Type 1) for Virginia Brights Cigarettes",,,,,大都会艺术博物馆,,杰斐逊·伯迪克收藏，杰斐逊·波迪克的礼物
无题-54,Untitled-54,1966,杰克·沙德博尔,画纸,素描艺术,,,
清代 蒋廷锡 写生花卉图册2（十二开）,,清圣祖康熙六十年（1721年）,蒋廷锡,纸本墨笔,中国绘画,台北故宫博物院,清代,鉴藏宝玺：乾隆御览之宝、乾隆鉴赏、石渠宝笈、三希堂精鉴玺、宜子孙、石渠定鉴、宝笈重编、养心殿鉴藏宝、嘉庆御览之宝、宣统御览之宝、宣统鉴赏、无逸斋精鉴玺。收藏著录：石渠宝笈续编（养心殿），第二册，页1166；故宫书画录（卷八），第四册，页144；故宫书画图录，第二十四册，页292-295。
清代 金俊明 梅花图册（十六开）之二,,,金俊明,纸本墨笔,中国绘画,北京故宫博物院,清代,
无题-67,Untitled-67,,杰克·沙德博尔,画纸,水粉画,,,
圣利夫拉德之路,La Route de Ste Livrade,1932,安东尼·格罗斯,画布,油画艺术,,当代艺术,
留茬场,Stubble field,1975,安东尼·格罗斯,画纸,版画艺术,,当代艺术,
清代 蒋廷锡 写生花卉图册2（十二开）之十 秋海棠,,清圣祖康熙六十年（1721年）,蒋廷锡,纸本墨笔,中国绘画,台北故宫博物院,清代,作者印记：生机。收藏著录：石渠宝笈续编（养心殿），第二册，页1166；故宫书画录（卷八），第四册，页144；故宫书画图录，第二十四册，页292-295。
月曼清游图册（十二开）—四月“庭院观花”,,,陈枚 梁诗正,绢本设色,中国绘画,北京故宫博物院,清代,《月曼清游图》册描绘的是宫廷嫔妃们一年12个月的深宫生活：正月“寒夜探梅”、二月“杨柳荡千”、三月“闲亭对弈”、四月“庭院观花”、五月“水阁梳妆”、六月“碧池采莲”、七月“桐荫乞巧”、八月“琼台玩月”、九月“重阳赏菊”、十月“文窗刺绣”、十一月“围炉博古”、十二月“踏雪寻诗”。此幅为四月“庭院观花”。春季姹紫嫣红，芬芳满园。宫中嫔妃们聚在庭前赏花。　　通过这一幅幅生动的画面体现了宫廷生活与民间生活的密切关联。嫔妃们的活动内容，在民间生活中均习以为常，只不过由于宫廷的特殊地位，而令这些活动从内容到形式都具有更加富贵、繁琐及典制化的特点。　　作者在人物创作的审美取向上有别于唐代张萱、周昉笔下体态丰腴的嫔妃形象，而以明代唐寅、仇英笔下的仕女画为审美标准，追求秀润飘逸的情致。画家以工细流畅的线条和亮丽鲜活的色彩将嫔妃们描绘成身材修长、体态轻盈、“倚风娇无力”之貌。她们三五成群地行进在以界画表现的亭台楼阁内或是细笔勾染皴点的花石下。富贵闲逸的宫苑生活令她们的物质生活十分充足，也使她们的精神世界极度贫乏。　　在技法上，此图所绘人物造型生动准确，笔致工细严谨，源于宋代院体画风。图中的楼台房室建筑则采用西洋焦点透视法绘成，根据图中透视线斜度的变化，可以准确地推求出灭点的具体位置，从而加强了平面画幅的立体、纵深效果，在有限的画面上扩展出无限的空间。　　此图册于乾隆三年（1738年）绘成后深得乾隆皇帝的赞赏。乾隆帝于六年谕令皇宫“造办处”的优秀匠人，如擅镶嵌技艺的常存，擅牙雕工艺的陈祖章、陈观泉父子及顾彭年、萧汉振等，以陈枚的这本图册为画稿，用象牙、玉石等进行雕刻。匠人们精雕细琢，密切结合牙雕和镶嵌的技艺特点，令画面层次分明，富有立体感。这件雕有103人的牙雕精品被称作“百美图”。乾隆皇帝在为它题写诗文时将其正式定名为《月曼清游》。（来源：北京故宫博物院官网）
纽约高桥,"High Bridge,New York",1905,亨利·沃德·兰杰,画布,油画艺术,大都会艺术博物馆,印象主义后印象主义,
清代 金俊明 梅花图册（十六开）之八,,,金俊明,纸本墨笔,中国绘画,北京故宫博物院,清代,
炎黄赋,,,范曾,纸本墨笔,中国书法,,当代,范曾，1938年生于江苏南通，中国书画大师，著名国学家、诗人。现为北京大学讲席教授，中国画法研究院院长，英国格拉斯哥大学、加拿大阿尔伯塔大学名誉文学博士，中国艺术研究院博士生导师、终身研究员，南开大学终身教授，南开大学文学院、历史学院博士生导师，南通大学终身教授，稽山书院、盘山书院院长。（雅昌艺术网）
群鸡,,,齐白石,纸本墨笔,中国绘画,,近现代,白石老人笔下的小鸡可谓最具田园气息的灵物，看上去毛毛绒绒，动感极强，似乎可以呼之欲出。小鸡题材也承载了齐白石对中国绘画语言和审美的探索与研究。在一些作品中，齐白石曾题曰：“余六十岁以后画鸡雏，能不似笔作成，年将七十始能水墨浓淡自然，笔尖生花亦偶然为之也。”“余画小鸡廿年，十年能得形似，十年能得神似。”齐白石以“形似”和“神似”这一辨证的话语高度概括了一个过程中的两个阶段，表达了他的审美理想。尽管在“形”和“神”的关系上，齐白石继承了中国绘画的艺术精神，但是他以一种平民化的语言改变了以往画论中过于哲学化的表述方式，完成了文人画走向平民化的过渡。
瑞斯汀,RESTING,1965,海尔格·达尔曼,画布,油画艺术,私人收藏,20世纪艺术,
卡里奥,Kallion,1949,维克托·瓦萨雷利,画纸,油画艺术,,战后到后现代,
三个人物坐在房间中央的戏剧场景，房间左右有柱子和格子天花板,Theatrical scene with three figures seated in the middle of a room with columns at left and right and a coffered ceiling,,,,,大都会艺术博物馆,,伊莱沙·惠特尔西收藏，伊莱沙·惠特尔西基金，1962年
天鹅之歌,,,范曾,纸本设色,中国绘画,,当代,范曾，1938年生于江苏南通，中国书画大师，著名国学家、诗人。现为北京大学讲席教授，中国画法研究院院长，英国格拉斯哥大学、加拿大阿尔伯塔大学名誉文学博士，中国艺术研究院博士生导师、终身研究员，南开大学终身教授，南开大学文学院、历史学院博士生导师，南通大学终身教授，稽山书院、盘山书院院长。（雅昌艺术网）
在塞纳河上的风的景观,View on the Seine Harp of the Winds,1893-1895,霍默·道奇·马丁,画布,油画艺术,大都会艺术博物馆,浪漫主义时代,
清代 金俊明 梅花图册（十六开）之五,,,金俊明,纸本墨笔,中国绘画,北京故宫博物院,清代,
月曼清游图册（十二开）,,,陈枚 梁诗正,绢本设色,中国绘画;石渠宝笈名作珍赏,北京故宫博物院,清代,此画册落款“臣陈枚恭画”，钤“臣枚”印1方。每开均配有清代梁诗正的行草体墨题，款“乾隆岁在戊午秋九月朔臣梁诗正敬题”， 戊午为乾隆三年（1738年）。钤清高宗弘历“乾隆御览之宝”、“古希天子”、“乐善堂图书记”等印共60方。　　《月曼清游图》册描绘的是宫廷嫔妃们一年12个月的深宫生活：正月“寒夜探梅”、二月“杨柳荡千”、三月“闲亭对弈”、四月“庭院观花”、五月“水阁梳妆”、六月“碧池采莲”、七月“桐荫乞巧”、八月“琼台玩月”、九月“重阳赏菊”、十月“文窗刺绣”、十一月“围炉博古”、十二月“踏雪寻诗”。　　通过这一幅幅生动的画面体现了宫廷生活与民间生活的密切关联。嫔妃们的活动内容，在民间生活中均习以为常，只不过由于宫廷的特殊地位，而令这些活动从内容到形式都具有更加富贵、繁琐及典制化的特点。　　作者在人物创作的审美取向上有别于唐代张萱、周昉笔下体态丰腴的嫔妃形象，而以明代唐寅、仇英笔下的仕女画为审美标准，追求秀润飘逸的情致。画家以工细流畅的线条和亮丽鲜活的色彩将嫔妃们描绘成身材修长、体态轻盈、“倚风娇无力”之貌。她们三五成群地行进在以界画表现的亭台楼阁内或是细笔勾染皴点的花石下。富贵闲逸的宫苑生活令她们的物质生活十分充足，也使她们的精神世界极度贫乏。　　在技法上，此图所绘人物造型生动准确，笔致工细严谨，源于宋代院体画风。图中的楼台房室建筑则采用西洋焦点透视法绘成，根据图中透视线斜度的变化，可以准确地推求出灭点的具体位置，从而加强了平面画幅的立体、纵深效果，在有限的画面上扩展出无限的空间。　　此图册于乾隆三年（1738年）绘成后深得乾隆皇帝的赞赏。乾隆帝于六年谕令皇宫“造办处”的优秀匠人，如擅镶嵌技艺的常存，擅牙雕工艺的陈祖章、陈观泉父子及顾彭年、萧汉振等，以陈枚的这本图册为画稿，用象牙、玉石等进行雕刻。匠人们精雕细琢，密切结合牙雕和镶嵌的技艺特点，令画面层次分明，富有立体感。这件雕有103人的牙雕精品被称作“百美图”。乾隆皇帝在为它题写诗文时将其正式定名为《月曼清游》。（来源：北京故宫博物院官网）
安德洛马赫在俘虏,Andromache in Captivity,,,,,大都会艺术博物馆,,多纳托·埃斯波西托的礼物，2015
天,Dagann,1989,维克托·瓦萨雷利,,油画艺术,,战后到后现代,
新井,Arai-1,1804,葛饰北斋,木板,版画艺术,华盛顿国会图书馆,日本江户时代,
无题-40,Untitled-40,1959,杰克·沙德博尔,画纸,水粉画,,,
维蒂教堂废墟,RUIN OF VIHTI CHURCH,,海尔格·达尔曼,画布,油画艺术,私人收藏,20世纪艺术,
龙山—齐家系 玉圭,,龙山—齐家系  约距今4600-3600年,佚名（新石器时代）,玉石,工艺美术;玉石珠宝,台北故宫博物院,史前,玉料经沁蚀成灰白色，泛黄并带赭色斑。圭成长方形，上微宽，磨成弧刃形。全器素面，钻有大小圆孔各一，一孔落在中在线，另一孔则偏斜。玉圭是重要的礼器。圭玉玉料经沁蚀成灰白色，泛黄并带赭色斑。长21.1cm
3,VV 3,1969,维克托·瓦萨雷利,,油画艺术,,战后到后现代,
高原,The Plateau,1956,安东尼·格罗斯,画纸,版画艺术,,当代艺术,
篆刻序,,,范曾,纸本墨笔,中国书法,,当代,范曾，1938年生于江苏南通，中国书画大师，著名国学家、诗人。现为北京大学讲席教授，中国画法研究院院长，英国格拉斯哥大学、加拿大阿尔伯塔大学名誉文学博士，中国艺术研究院博士生导师、终身研究员，南开大学终身教授，南开大学文学院、历史学院博士生导师，南通大学终身教授，稽山书院、盘山书院院长。（雅昌艺术网）
齐家文化 玉璧,,齐家文化 公元前2200-公元前1800年,佚名（新石器时代）,玉石,工艺美术;玉石珠宝,台北故宫博物院,史前,圆璧形玉糖包白，表面盘红糖包白青玉料，表面受沁后盘红。圆璧形，厚薄不一；一面微起伏尚称平整，另一面两侧带严重崩伤。中心一孔，单面钻，孔径较小。平整面左右两边刻有高宗题诗、玺印文，背面仅于上下刻玺文各一。（诗文见附录九）带方形檀木座。最大径 28.4cm 孔径 5.4cm 较厚 1.9 cm。
明代 沈周 鸠声唤雨图轴,,,沈周,纸本设色,中国绘画;石渠宝笈名作珍赏,台北故宫博物院,明代,本幅画栖踞在枯枝上的斑颈鸠一只。此鸠的羽色本来就较为朴素，再配上「咕－咕咕－咕」的淳厚叫声，虽不知是否真如画名所说能唤雨，但这份质朴，却是作者沈周身为文人画家所偏好的感觉，故以文人画古拙而非工巧的面貌来表现之。简单的构图，写意的笔墨，用规律粗短的笔触画树枝；画斑颈鸠则用笔圆厚，造型憨厚稚拙。通幅的笔法看似草草而不经意，实则苍劲老辣，是呈现笔墨趣味的作品，也画出了枯寂的意境。（来源：台北故宫博物院官网）作者款识：空闻百鸟群。啁啾度寒暑。何以枝头鸠。声声能唤雨。沈周。作者印记：石田、启南。收传印记：周诗雅印、周氏藏册印、宋荦审定、李应祯印、大风堂。鉴藏宝玺：乐寿堂鉴藏宝、乾隆御览之宝、乾隆鉴赏、石渠宝笈、三希堂精鉴玺、宜子孙。收传印记：王禹冑孙谋珍赏印。收藏著录：盛京故宫书画录，第五册，页17下；故宫书画录（卷五），第三册，页323；故宫书画图录，第六册，页219-220。参考文献：1.江兆申，〈沈周鸠声唤雨轴〉，收入故宫博物院编，《吴派画九十年展》（台北：故宫博物院，1975年初版，1976年再版，1981年三版），页302。 2.谭怡令，〈明沈周鸠声唤雨〉，收入谭怡令编，《画里珍禽》（台北：故宫博物院，1988年十月初版），页97。
无题-41,Untitled-41,1961,杰克·沙德博尔,画纸,素描艺术,,,
佚名（希腊） 兵马俑支架,Terracotta stand,,佚名（希腊）,兵马俑,工艺美术,大都会艺术博物馆,古希腊艺术;古罗马艺术,戈尔贡（戈尔贡的脸）埃尔戈蒂莫斯和克莱蒂亚斯签署了一个大蜗壳krater，现藏于佛罗伦萨考古博物馆，这是一个名副其实的希腊神话简编，尤其是与阿喀琉斯有关的神话。这是唯一保存下来的有他们签名的作品。这三个蛇发女怪的样子太可怕了，谁看见他们都变成了石头。在古代艺术中，脸是一个常见的主题，部分原因是它很适合圆形的形式。
佚名（希腊） Eros形状的带吊坠的耳环,Earring with pendant in the form of Eros,,佚名（希腊）,金,工艺美术,大都会艺术博物馆,古希腊艺术;古罗马艺术,
一大群人聚集在圆顶结构前的院子里；音乐家们在左边演奏；Il Fuoco Eterno的布景设计,A large group gathered in a courtyard before a domed structure; musicians play at left; set design from 'Il Fuoco Eterno',,,,,大都会艺术博物馆,,哈里斯布里斯班迪克基金会，1953年
蒂沃利,Avanzi della Villa di M. Bruto a Tivoli,1794,阿尔伯特·克里斯托夫,画纸,版画艺术,,,
红山文化晚期 鸟形玉佩,,新石器时代 红山文化 公元前4000-前3000年,佚名（新石器时代）,玉石,工艺美术;玉石珠宝,台北故宫博物院,史前,玉黄绿色鸟形琢成一双翼平展的鸟。正面，喙及足的部位突出，大而圆的眼睛隐隐鼓起于头顶，翅膀上浮现数道弦纹；背面光素，头颈部有一隧孔。长4.7cm 宽4.7cm 厚1.5cm。
休息的模特,Resting model,1947,海尔格·达尔曼,画纸,油画艺术,私人收藏,20世纪艺术,
猎人,The hunter,,海尔格·达尔曼,画板,油画艺术,私人收藏,20世纪艺术,
无题,Ohne Titel,1987,维克托·瓦萨雷利,,油画艺术,,战后到后现代,
当一艘船抵达海港时，人们聚集在一起；Il Fuoco Eterno的布景设计,Figures gathered at a seaport as a ship arrives; set design from 'Il Fuoco Eterno',,,,,大都会艺术博物馆,,哈里斯布里斯班迪克基金会，1953年
山脚下,"Al pie del monte Catillo, detto monte della Croce a Tivoli",1793,阿尔伯特·克里斯托夫,画纸,版画艺术,,,
第一幕,Act one,1804-1812,葛饰北斋,木板,版画艺术,华盛顿国会图书馆,日本江户时代,
两个男性农民在壁炉前拿着烟斗，一个坐在那里，烟斗放在嘴边，另一个站在那里，右手拿着烟斗,"Two male peasants holding pipes before a fireplace, one seated with the pipe held to his mouth, to his left the other stands with the pipe in his right hand, after a series of four prints of peasants by David Teniers the Younger",,,,,大都会艺术博物馆,,菲利斯·马萨的遗赠，2011
佚名（希腊） 玻璃眼珠,Glass eye beads,,佚名（希腊）,玻璃,工艺美术,大都会艺术博物馆,古希腊艺术;古罗马艺术,
明代 沈周 水心亭子册页,,,沈周,纸本墨笔,中国绘画;石渠宝笈名作珍赏,台北故宫博物院,明代,作者款识：水心有亭子。波光清莹人。红尘不到此。亦自不生尘。沈周。作者印记：石田。鉴藏宝玺：宣统御览之宝。收藏著录：石渠宝笈续编（乾清宫），第二册，页532-534；故宫书画录（卷八），第四册，页28；李玉珉，〈明人画扇（元）　册　明沈周水心亭子〉，收入《故宫书画图录(卅二)》（台北：国立故宫博物院，2013.12），页94-107。参考文献：1.何炎泉、陈阶晋、陈韵如，〈明人画扇（元）册明沈周水心亭子〉，收入《明四大家特展-沈周》（台北：故宫博物院，2014.01），页86-87、315。
Iphigenia的牺牲,Sacrifice of Iphigenia,,,,,大都会艺术博物馆,,购买，约瑟夫·普利策遗赠，1917年
布莱克希思的圣灵降临节集会，No.2蚀刻,"Whitmonday Fair, Blackheath. No.2 Etching",1982,安东尼·格罗斯,画纸,版画艺术,,当代艺术,
无题-81,Untitled-81,,杰克·沙德博尔,画纸,素描艺术,,,
无题-45,Untitled-45,1965,杰克·沙德博尔,画纸,素描艺术,,,
佚名（希腊） 雪花石膏玻璃（香水瓶）,Glass alabastron (perfume bottle),,佚名（希腊）,玻璃,工艺美术,大都会艺术博物馆,古希腊艺术;古罗马艺术,不透明的红褐色，手柄颜色相同；不透明白色的尾迹。宽的水平边缘圆盘；非常短的圆柱形颈部；窄圆肩；身体的侧面稍微凸出，向上逐渐变细；凸底；两个垂直的环柄，尾部有节，用于装饰花纹。附在轮圈边缘的花纹；另一条应用于颈部的痕迹，以螺旋状缠绕在身体周围，加工成紧密的Z字形，上下交替，并以围绕底部的圆圈结束。损坏并修复，边缘盘上有一个缺口，身体上有几个大洞和裂缝；钝化、点蚀，但很少风化。
清代 周天球 墨兰图册（九开）之一,,,周天球,纸本墨笔,中国绘画,北京故宫博物院,清代,
童弈图,,,范曾,纸本设色,中国绘画,,当代,范曾，1938年生于江苏南通，中国书画大师，著名国学家、诗人。现为北京大学讲席教授，中国画法研究院院长，英国格拉斯哥大学、加拿大阿尔伯塔大学名誉文学博士，中国艺术研究院博士生导师、终身研究员，南开大学终身教授，南开大学文学院、历史学院博士生导师，南通大学终身教授，稽山书院、盘山书院院长。（雅昌艺术网）
希尔达和玛姬,Hilda and Maggie,1911,乔治·斯宾塞·沃森,画布,油画艺术,泰特美术馆,浪漫主义时代,
瀑布,"Cascatella di Tivoli, seconda veduta",1792,阿尔伯特·克里斯托夫,画纸,版画艺术,,,
明代 文徵明 雪山揽胜册页,,,文徵明,绢本墨笔,中国绘画,台北故宫博物院,明代,作者款识：征明。作者印记：征仲。历代题跋：高矗寒空群玉峰。琼霄极顶列崇墉。粉蕤层叠迷千嶂。瑶萼纷敷缀万松。不断同云遥浦暗。无边飞霰远崖浓。畸人策蹇寻佳胜。未觉危蹊积素重。印记：嘉、庆。收藏著录：故宫书画录（卷八），第四册，页162。参考文献：李玉珉，〈艺苑胪珍　册　明文征明雪山揽胜〉，收入《故宫书画图录(卅一)》（台北：国立故宫博物院，2012.12），页86-93。
牵牛花2,,,齐白石,纸本设色,中国绘画,,近现代,齐白石在绘画艺术上受陈师曾影响甚大，同时在写意花鸟画上承徐渭、朱耷、扬州八怪以及吴昌硕，具有深厚的传统文化功力。他专长花鸟，笔酣墨饱，力健有锋。但画虫则一丝不苟，极为精细。他还推崇徐渭、朱耷、石涛、金农。尤工虾蟹、蝉、蝶、鱼、鸟、水墨淋漓，洋溢着自然界生气勃勃的气息。山水构图奇异不落旧蹊，极富创造精神，篆刻独出手眼，书法卓然不群，蔚为大家。
开场白；舞台幕布拉开，一名士兵骑在大象上，被他的军队包围着；朱庇特和他的鹰俯视着扛着巨石的人；《La Monarchia Latina Trionfante》的布景设计,Prologue; the stage curtain is lifted to reveal a soldier on an elephant surrounded by his army; above Jupiter and his eagle look down on men carrying boulders; set design from 'La Monarchia Latina Trionfante',,,,,大都会艺术博物馆,,哈里斯布里斯班迪克基金会，1953年
抱鲁特琴的男孩,Boy with a Lute,1625,弗兰斯·哈尔斯,画布,油画艺术,,巴洛克时期,"""受荷兰卡拉瓦乔风格画家如Gerrit van Honthorst和Hendrick ter Brugghen的启发，哈尔斯在1620年代中后期画了许多无忧无虑的音乐家的画作。在这里，一个年轻人将最后一滴红酒倒在他的拇指上，向旅店老板发出信号，表明他需要续杯，并向观众发出信号（根据当时的荷兰押韵）“杯子是空的。时间到了。”虽然哈尔斯的作者身份毋庸置疑，但这幅画的外观受到了艺术家本人和后来的修复者所做的更改的影响。例如，衬衫上的领子和交叉在拇指上的琵琶弦（从而模糊了手势的含义）不是原有的。Inspired by Dutch Caravaggesque painters such as Gerrit van Honthorst and Hendrick ter Brugghen, Hals painted pictures of carefree musicians during the mid- to late 1620s. Here a young man pours a last drop of red wine onto his thumbnail, a signal to the innkeeper that he needs a refill, and to the viewer that (according to a Dutch rhyme of the period) """"The glass is empty. Time is up."""" While Hals's authorship cannot be doubted"
莫基人祈求下雨,The Moqui Prayer for Rain,1897,赫蒙·阿特金斯·麦克尼尔,青铜,雕塑雕刻,大都会艺术博物馆,浪漫主义时代,
米勒娃反对蛮力,Minerva Combating Brute Force,19世纪,伊西多尔·皮勒斯,画纸,油画艺术,大都会艺术博物馆,现实主义时期,
花卉草虫册页（十七开）之残席诱虫图,,,齐白石,纸本墨笔,中国绘画,,近现代,齐白石在绘画艺术上受陈师曾影响甚大，同时在写意花鸟画上承徐渭、朱耷、扬州八怪以及吴昌硕，具有深厚的传统文化功力。他专长花鸟，笔酣墨饱，力健有锋。但画虫则一丝不苟，极为精细。他还推崇徐渭、朱耷、石涛、金农。尤工虾蟹、蝉、蝶、鱼、鸟、水墨淋漓，洋溢着自然界生气勃勃的气息。山水构图奇异不落旧蹊，极富创造精神，篆刻独出手眼，书法卓然不群，蔚为大家。
良渚文化中、晚期 三叉形器,,良渚文化中、晚期  约距今4900-4200年,佚名（新石器时代）,玉石,工艺美术;玉石珠宝,台北故宫博物院,史前,玉下端为圆弧形，上端为三个向上伸出的方柱。背面的上端，三个方突的下缘已连成一平线。背面的最下方中央也有一方突。四个方突都有竖穿。青绿色玉，曾在明清时染为褐色，局部残存色素堆积，明清时在器表加刻仿古龙凤纹、云纹、回纹等。满沁作赭色斑。青绿色玉，满沁作赭色斑。下端为圆弧形，上端为三个向上伸出的方柱。背面的上端，三个方突的下缘已连成一平线。背面的最下方中央也有一方突。四个方突都有竖穿。器表有浅阴线琢饰的仿古纹饰：云彩、花朵、凤尾、回纹、谷纹等。全高5.7cm 宽6.65cm 厚1.6cm。
无题-73,Untitled-73,,杰克·沙德博尔,画纸,水粉画,,,
开花的树枝,A tree branch with blossoms,1830-1850,葛饰北斋,画纸,日本绘画,华盛顿国会图书馆,日本江户时代,
极乐世界；《La Monarchia Latina Trionfante》的布景设计,The Elysian Fields; set design from 'La Monarchia Latina Trionfante',,,,,大都会艺术博物馆,,哈里斯布里斯班迪克基金会，1953年
一个女人坐着，一本书卷展开在她的面前,"A woman seated, facing front, reading a scroll spread out in front of her",1830-1850,葛饰北斋,画纸,日本绘画,华盛顿国会图书馆,日本江户时代,
给玛丽莲梦露,Beulahland(For Marilyn Monroe),1987,艾达·阿普尔布鲁格,画布,油画艺术,大都会艺术博物馆,当代艺术,
冬草,Winter Grasses,1972,安东尼·格罗斯,画纸,版画艺术,,当代艺术,
奥利弗·C·沃森中校,"Lieutenant Colonel Oliver C. S. Watson, VC, DSO",1917,乔治·斯宾塞·沃森,画布,油画艺术,格林霍华德军团博物馆,浪漫主义时代,
一棵有红色星形花的树枝,a tree branch with red star-shaped leaves or blossoms,1830-1850,葛饰北斋,画纸,日本绘画,华盛顿国会图书馆,日本江户时代,
明代 文徵明 柳溪闲泛册页,,1482年,文徵明,绢本设色,中国绘画,台北故宫博物院,明代,作者款识：嘉靖壬寅（公元一四八二年）春日。文征明。作者印记：征、明、停云。收藏著录：故宫书画录（卷八），第四册，页161；故宫书画图录，第二十八册，页328-331。
第九幕,Act nine-2,1804-1812,葛饰北斋,木板,版画艺术,华盛顿国会图书馆,日本江户时代,
May Hart，来自《弗吉尼亚亮烟》的演员系列（N45，1型）,"May Hart, from the Actors and Actresses series (N45, Type 1) for Virginia Brights Cigarettes",,,,,大都会艺术博物馆,,杰斐逊·伯迪克收藏，杰斐逊·波迪克的礼物
无题-58,Untitled-58,1980,杰克·沙德博尔,画纸,油画艺术,,,
佩奇·德·穆​​拉特,Pech de Murat,1978,安东尼·格罗斯,画布,,,当代艺术,
亚当和夏娃哀悼亚伯之死,Adam and Eve Mourning the Death of Abel,,,,,大都会艺术博物馆,,Frits和Rita Markus基金，2015年
戴大帽子的年轻人,A young man in a big hat,1626-1629,弗兰斯·哈尔斯,画布,油画艺术,华盛顿国会图书馆,巴洛克时期,
图卢兹新桥,"Pont Neuf, Toulouse",1929,安东尼·格罗斯,画纸,版画艺术,,当代艺术,
月曼清游图册（十二开）—七月“桐荫乞巧”,,,陈枚 梁诗正,绢本设色,中国绘画,北京故宫博物院,清代,《月曼清游图》册描绘的是宫廷嫔妃们一年12个月的深宫生活：正月“寒夜探梅”、二月“杨柳荡千”、三月“闲亭对弈”、四月“庭院观花”、五月“水阁梳妆”、六月“碧池采莲”、七月“桐荫乞巧”、八月“琼台玩月”、九月“重阳赏菊”、十月“文窗刺绣”、十一月“围炉博古”、十二月“踏雪寻诗”。此幅为七月“桐荫乞巧”，描绘了七月初七京中仕女“乞巧”的场面。七夕之夜，嫔妃们以碗装水置于庭院，然后将一束针散放其中，人们争相观看在水中呈列的图案，据说图案的形状越好看，放针者的手就越灵巧。　　通过这一幅幅生动的画面体现了宫廷生活与民间生活的密切关联。嫔妃们的活动内容，在民间生活中均习以为常，只不过由于宫廷的特殊地位，而令这些活动从内容到形式都具有更加富贵、繁琐及典制化的特点。　　作者在人物创作的审美取向上有别于唐代张萱、周昉笔下体态丰腴的嫔妃形象，而以明代唐寅、仇英笔下的仕女画为审美标准，追求秀润飘逸的情致。画家以工细流畅的线条和亮丽鲜活的色彩将嫔妃们描绘成身材修长、体态轻盈、“倚风娇无力”之貌。她们三五成群地行进在以界画表现的亭台楼阁内或是细笔勾染皴点的花石下。富贵闲逸的宫苑生活令她们的物质生活十分充足，也使她们的精神世界极度贫乏。　　在技法上，此图所绘人物造型生动准确，笔致工细严谨，源于宋代院体画风。图中的楼台房室建筑则采用西洋焦点透视法绘成，根据图中透视线斜度的变化，可以准确地推求出灭点的具体位置，从而加强了平面画幅的立体、纵深效果，在有限的画面上扩展出无限的空间。　　此图册于乾隆三年（1738年）绘成后深得乾隆皇帝的赞赏。乾隆帝于六年谕令皇宫“造办处”的优秀匠人，如擅镶嵌技艺的常存，擅牙雕工艺的陈祖章、陈观泉父子及顾彭年、萧汉振等，以陈枚的这本图册为画稿，用象牙、玉石等进行雕刻。匠人们精雕细琢，密切结合牙雕和镶嵌的技艺特点，令画面层次分明，富有立体感。这件雕有103人的牙雕精品被称作“百美图”。乾隆皇帝在为它题写诗文时将其正式定名为《月曼清游》。（来源：北京故宫博物院官网）
黑暗门或别墅保护者,Porta scura o sia entrata nella villa Mecenate,1794,阿尔伯特·克里斯托夫,画纸,版画艺术,,,
湖贝佳斯别墅,Lago in villa Borghese,1792,阿尔伯特·克里斯托夫,画纸,版画艺术,,,
阿森纳；两名士兵与右边的两名妇女交谈，一群士兵从左边看；Il Fuoco Eterno的布景设计,The Arsenal; two soldiers conversing with two women on the right as a group of soldiers look on from the left; set design from 'Il Fuoco Eterno',,,,,大都会艺术博物馆,,哈里斯布里斯班迪克基金会，1953年
一棵树的树干,"A tree trunk with branch and leaves in the foreground, with view of Mount Fuji in the background",1830-1850,葛饰北斋,画纸,日本绘画,华盛顿国会图书馆,日本江户时代,
法国的解放与战役：瑟堡的阿森纳沦陷,Liberation and Battle of France: The Fall of the Arsenal at Cherbourg,1944,安东尼·格罗斯,画纸,水彩画,,当代艺术,
清代 金俊明 梅花图册（十六开）之十一,,,金俊明,纸本墨笔,中国绘画,北京故宫博物院,清代,
陶寺文化 玉琮,,陶寺文化 公元前2400-公元前2000年,佚名（新石器时代）,玉石,工艺美术;玉石珠宝,台北故宫博物院,史前,内圆外方琮形玉灰青带暗褐色灰青带暗褐色玉质，温润泛光泽。内圆外方琮形，壁薄孔径较大，射颈极短，射口内、外圈圆整；四面中央刻划两道并行线槽，四角微浑圆。内壁抛磨光滑。高 4.1cm 最宽边 7.2cm 孔径 6.3cm 较厚 0.4 cm。
清代 蒋廷锡 花卉图册（九开）之三 虎耳草,,,蒋廷锡,绢本设色,中国绘画,台北故宫博物院,清代,收藏著录：故宫书画录（卷八），第四册，页144；故宫书画图录，第二十四册，页300-301。
灰色的风景，布尔维,"Grey Landscape, Le Boulvé",1955,安东尼·格罗斯,画布,,,当代艺术,
卢克,St. Luke,1625,弗兰斯·哈尔斯,画布,油画艺术,敖德萨东西方艺术博物馆,巴洛克时期,
无题-65,Untitled-65,,杰克·沙德博尔,画纸,素描艺术,,,
11月1日，根据该法案的指示，波特兰博物馆的Wincelslaus（原文如此）Hollar的画作中的莱昂纳多·达·芬奇的《Characaturas》出版。1786年由/约翰·克拉克.N.291斯特兰德，价格15在董事会,"Characaturas by Leonardo da Vinci from Drawings by Wincelslaus (sic)  Hollar out of the/ Portland Museum, published as the act directs Nov. 1. 1786 by/ John Clarke. N. 291 Strand, Price 15 in Boards",,,,,大都会艺术博物馆,,哈里斯布里斯班迪克基金会，1953年
赫尔辛基动物园西门,"Motiv från Saimen, Korkeasaari",1966,海尔格·达尔曼,画板,油画艺术,私人收藏,20世纪艺术,
公园风景,Park view,1962,海尔格·达尔曼,画板,油画艺术,私人收藏,20世纪艺术,
罗马广场,The Roman Forum,1807,阿尔伯特·克里斯托夫,画布,油画艺术,,,The Roman Forum was unexcavated at the time Dies portrayed it.摘自wikipedia
墓,Sepolcro di Plauzio vicini a Tivoli,1795,阿尔伯特·克里斯托夫,画纸,版画艺术,,,
在医院康复,Recovering in the hospital,,安东尼·格罗斯,画纸,水彩画,,当代艺术,
一位手持戒指的男子,Portrait of a Man with a Ring,1472-1477,弗朗切斯科·德尔·科萨,画布,油画艺术,,哥特式艺术,"这幅画像是15世纪下半叶意大利风格的作品。当时，艺术家们大多放弃比较呆板的人物侧面像，而钟情于正面像。人物的头发、眼睛、眼皮和鼻子都描绘得十分精准，拿戒指的手与托住手的护栏突显出空间的层次，小手指和袖子投射的阴影间呈现复杂的相互关系。有着奇特岩石的背景与伦敦国立画廊中的《圣文森特•费雷尔》相似。这幅作品是西班牙马德里提森一博纳米萨博物馆于1956年收藏的。在20世纪上半叶，人们就此画的归属和画中人物的身份进行了激烈的辩论和深人的研究。它是1763年在博洛尼亚的伍兹侯爵的宫殿中发现的。后来，由其他家庭成员继承，直至1858年同意与他的其他作品一道出售。1881年，此画由伦敦的威廉•内维尔•阿比德爵士收藏。后来，又由柏林的利奥波德•科佩尔收藏。随后，又被班尼布洛克的凡•潘恩维茨用他在费乌瑞的别墅换购。在1913年之前，这幅作品中的人物一直被视为是画家本人，也有人认为是金匠弗朗切斯科•弗朗西亚。贝伦森认为此画的创作者是罗波尔蒂（Roberti),但是隆吉认为是科萨在博洛尼亚期间创作的，隆吉的观点得到许多人的支持。可是，隆吉也因画中人物的服饰和类型怀疑可能是弗朗西斯科•弗朗西亚的作品。1915年，库克认为，画中人物有可能是埃斯特家族中的成员。这一假设是基于人物的服装和戒指上的钻石样式是该家族所特有的。而尼格罗和里奥却认为是弗朗西斯科•弗朗西亚的自画像。他们将这幅作品与昂热美术馆的另一幅作品做对比之后，认为这是一位处于成熟阶段的艺术家的自画像。摘自[中] 甘苏庆《西方油画600年——欧洲文艺复兴时期油画艺术》"
无题-66,Untitled-66,,杰克·沙德博尔,画纸,素描艺术,,,
有阶梯喷泉的边界；石墙上有一个喷水口，将水倒入一个直线形的盆中，第二个喷水口将水从盆中倒入一个较小的直线形盆中，盆两侧有树枝,"Frontispiece with stepped fountain; a stone wall with water spout pouring water into a rectilinear basin, from which a second spout pours water into a smaller rectilinear basin, flanked by tree branches",,,,,大都会艺术博物馆,,菲利斯·马萨的遗赠，2011
伊尔斯通图里,YLLÄSTUNTURI,1948,海尔格·达尔曼,画布,油画艺术,私人收藏,20世纪艺术,
春天的森林,Spring Woods,1895-1900,亨利·沃德·兰杰,画布,油画艺术,大都会艺术博物馆,印象主义后印象主义,
曼彻斯特运河,"Canal, Manchester",,安东尼·格罗斯,画纸,版画艺术,,当代艺术,
莎乐美接受施洗约翰的头，被三个男人和一个拿着火炬的孩子包围，施洗者的身体躺在地上，呈椭圆形,"Salome receiving the head of John the Baptist, surrounded by three men and a child bearing a torch, the Baptist's body lies on the ground, an oval composition",,,,,大都会艺术博物馆,,菲利斯·马萨的遗赠，2011
无题-37,Untitled-37,1952,杰克·沙德博尔,画纸,素描艺术,,,
无题-63,Untitled-63,,杰克·沙德博尔,画纸,素描艺术,,,
之间,Idir,1986,维克托·瓦萨雷利,,油画艺术,,战后到后现代,
清代 蒋廷锡 花卉图册（九开）之一 牡丹,,,蒋廷锡,绢本设色,中国绘画,台北故宫博物院,清代,收藏著录：故宫书画录（卷八），第四册，页144；故宫书画图录，第二十四册，页300-301。
静物-3,Still life-3,1949,海尔格·达尔曼,画布,油画艺术,私人收藏,20世纪艺术,
拉普兰景观,VIEW FROM LAPLAND,1958,海尔格·达尔曼,画纸,水彩画,私人收藏,20世纪艺术,
无题-76,Untitled-76,,杰克·沙德博尔,画纸,水粉画,,,
月曼清游图册（十二开）—八月“琼台玩月”,,,陈枚 梁诗正,绢本设色,中国绘画,北京故宫博物院,清代,《月曼清游图》册描绘的是宫廷嫔妃们一年12个月的深宫生活：正月“寒夜探梅”、二月“杨柳荡千”、三月“闲亭对弈”、四月“庭院观花”、五月“水阁梳妆”、六月“碧池采莲”、七月“桐荫乞巧”、八月“琼台玩月”、九月“重阳赏菊”、十月“文窗刺绣”、十一月“围炉博古”、十二月“踏雪寻诗”。此幅为八月“琼台玩月”，描绘中秋之夜，嫔妃们聚集高台，吟诗赏月的情景。　　通过这一幅幅生动的画面体现了宫廷生活与民间生活的密切关联。嫔妃们的活动内容，在民间生活中均习以为常，只不过由于宫廷的特殊地位，而令这些活动从内容到形式都具有更加富贵、繁琐及典制化的特点。　　作者在人物创作的审美取向上有别于唐代张萱、周昉笔下体态丰腴的嫔妃形象，而以明代唐寅、仇英笔下的仕女画为审美标准，追求秀润飘逸的情致。画家以工细流畅的线条和亮丽鲜活的色彩将嫔妃们描绘成身材修长、体态轻盈、“倚风娇无力”之貌。她们三五成群地行进在以界画表现的亭台楼阁内或是细笔勾染皴点的花石下。富贵闲逸的宫苑生活令她们的物质生活十分充足，也使她们的精神世界极度贫乏。　　在技法上，此图所绘人物造型生动准确，笔致工细严谨，源于宋代院体画风。图中的楼台房室建筑则采用西洋焦点透视法绘成，根据图中透视线斜度的变化，可以准确地推求出灭点的具体位置，从而加强了平面画幅的立体、纵深效果，在有限的画面上扩展出无限的空间。　　此图册于乾隆三年（1738年）绘成后深得乾隆皇帝的赞赏。乾隆帝于六年谕令皇宫“造办处”的优秀匠人，如擅镶嵌技艺的常存，擅牙雕工艺的陈祖章、陈观泉父子及顾彭年、萧汉振等，以陈枚的这本图册为画稿，用象牙、玉石等进行雕刻。匠人们精雕细琢，密切结合牙雕和镶嵌的技艺特点，令画面层次分明，富有立体感。这件雕有103人的牙雕精品被称作“百美图”。乾隆皇帝在为它题写诗文时将其正式定名为《月曼清游》。（来源：北京故宫博物院官网）
芙罗拉和泽弗,Flora and Zephyr,1743,雅各布·德·维特,画布,油画艺术,大都会艺术博物馆,巴洛克时期,
孩子们到田野里去（小盘子）,Children Going Out to the Fields (small plate),1955,安东尼·格罗斯,画纸,版画艺术,,当代艺术,
大卫带到扫罗面前，摘自《艺术杂志》，第100页对页,"""David Brought Before Saul, from """"The Art Journal",""""" opposite p. 100""",,,,,大都会艺术博物馆,
苏东坡,,,范曾,纸本墨笔,中国书法,,当代,范曾，1938年生于江苏南通，中国书画大师，著名国学家、诗人。现为北京大学讲席教授，中国画法研究院院长，英国格拉斯哥大学、加拿大阿尔伯塔大学名誉文学博士，中国艺术研究院博士生导师、终身研究员，南开大学终身教授，南开大学文学院、历史学院博士生导师，南通大学终身教授，稽山书院、盘山书院院长。（雅昌艺术网）
清代 蒋廷锡 花卉图册（九开）之二 桃花双燕,,,蒋廷锡,绢本设色,中国绘画,台北故宫博物院,清代,收藏著录：故宫书画录（卷八），第四册，页144；故宫书画图录，第二十四册，页300-301。
月曼清游图册（十二开）—五月“水阁梳妆”,,,陈枚 梁诗正,绢本设色,中国绘画,北京故宫博物院,清代,《月曼清游图》册描绘的是宫廷嫔妃们一年12个月的深宫生活：正月“寒夜探梅”、二月“杨柳荡千”、三月“闲亭对弈”、四月“庭院观花”、五月“水阁梳妆”、六月“碧池采莲”、七月“桐荫乞巧”、八月“琼台玩月”、九月“重阳赏菊”、十月“文窗刺绣”、十一月“围炉博古”、十二月“踏雪寻诗”。此幅为五月“水阁梳妆”。嫔妃们聚在水阁中梳妆打扮，氛围融洽。　　通过这一幅幅生动的画面体现了宫廷生活与民间生活的密切关联。嫔妃们的活动内容，在民间生活中均习以为常，只不过由于宫廷的特殊地位，而令这些活动从内容到形式都具有更加富贵、繁琐及典制化的特点。　　作者在人物创作的审美取向上有别于唐代张萱、周昉笔下体态丰腴的嫔妃形象，而以明代唐寅、仇英笔下的仕女画为审美标准，追求秀润飘逸的情致。画家以工细流畅的线条和亮丽鲜活的色彩将嫔妃们描绘成身材修长、体态轻盈、“倚风娇无力”之貌。她们三五成群地行进在以界画表现的亭台楼阁内或是细笔勾染皴点的花石下。富贵闲逸的宫苑生活令她们的物质生活十分充足，也使她们的精神世界极度贫乏。　　在技法上，此图所绘人物造型生动准确，笔致工细严谨，源于宋代院体画风。图中的楼台房室建筑则采用西洋焦点透视法绘成，根据图中透视线斜度的变化，可以准确地推求出灭点的具体位置，从而加强了平面画幅的立体、纵深效果，在有限的画面上扩展出无限的空间。　　此图册于乾隆三年（1738年）绘成后深得乾隆皇帝的赞赏。乾隆帝于六年谕令皇宫“造办处”的优秀匠人，如擅镶嵌技艺的常存，擅牙雕工艺的陈祖章、陈观泉父子及顾彭年、萧汉振等，以陈枚的这本图册为画稿，用象牙、玉石等进行雕刻。匠人们精雕细琢，密切结合牙雕和镶嵌的技艺特点，令画面层次分明，富有立体感。这件雕有103人的牙雕精品被称作“百美图”。乾隆皇帝在为它题写诗文时将其正式定名为《月曼清游》。（来源：北京故宫博物院官网）
野蛮游戏,Bear Hunt,,,,,大都会艺术博物馆,,伊莱沙·惠特尔西收藏，伊莱沙·维特尔西基金，1957年
“L'Euleo festivante nel ritorno d'Alessandro dall'Dia'”芭蕾舞团决赛,Final ballet of 'L'Euleo festeggiante nel ritorno d'Alessandro dall'India',,,,,大都会艺术博物馆,,哈里斯布里斯班迪克基金会，1953年
佚名（希腊） 精神病学片段,Psykter fragments,,佚名（希腊）,兵马俑,工艺美术,大都会艺术博物馆,古希腊艺术;古罗马艺术,两个相邻的碎片；一个留着胡子的人的头部和肩膀。这些碎片与10.210.18相邻，其描述如下：每个人物的名字都刻着：长笛演奏者，史密斯；圆盘投掷者安蒂法内斯和他的训练师安蒂梅内斯；跳远运动员多萝西奥斯（“他要跳了”）；标枪运动员巴特拉乔；Kleainethos，为男孩加冕的法官，公平的Epainetos，和他的教练Alketes。有两个铭文提到了花瓶本身：“喝我”和“我张大嘴巴”
蓝色花的茎,Blue blossom at the end of a stem,1830-1850,葛饰北斋,画纸,日本绘画,华盛顿国会图书馆,日本江户时代,
喝醉的农民在一个旅馆,Drunken Farmer in an Inn,,,,,大都会艺术博物馆,,菲利斯·马萨的遗赠，2011
无题-34,Untitled-34,1950,杰克·沙德博尔,画纸,水粉画,,,
岸景,Shore view,1968,海尔格·达尔曼,画板,油画艺术,私人收藏,20世纪艺术,
给新兵穿上衣服,Fitting Recruits with Clothing,,安东尼·格罗斯,画纸,水彩画,,当代艺术,
清代 蒋廷锡 写生花卉图册2（十二开）之五 鱼儿牡丹,,清圣祖康熙六十年（1721年）,蒋廷锡,纸本墨笔,中国绘画,台北故宫博物院,清代,作者印记：形似。收藏著录：石渠宝笈续编（养心殿），第二册，页1166；故宫书画录（卷八），第四册，页144；故宫书画图录，第二十四册，页292-295。
六,Hexa 5,1988,维克托·瓦萨雷利,,油画艺术,,战后到后现代,
无题-48,Untitled-48,1965,杰克·沙德博尔,画纸,素描艺术,,,
圣母子与圣徒玛丽·玛格达伦和塞巴斯蒂安,Madonna and Child with Saints Mary Magdalen and Sebastian,1866-1946,西利·费德里克·约尼,木板,油画艺术;宗教艺术,大都会艺术博物馆,,
无题-52,Untitled-52,1965,杰克·沙德博尔,画纸,素描艺术,,,
卡罗琳·米什纳,Carolyn Mishner,1825,休·布里德波特,象牙,水彩画,大都会艺术博物馆,新古典主义时期,
乔治·赫恩,George A.Hearn,1913-1914,欧文·拉姆齐·威尔斯,画布,油画艺术,大都会艺术博物馆,,
蒂沃利寺对面的瀑布,"Situatione del Tempio di Vesta a Tivoli, dirimpetto la Cascata",1798,阿尔伯特·克里斯托夫,画纸,版画艺术,,,
中间有三个人，一个老人拿着一本打开的书给士兵签名，左边站着一个小个子，手里拿着墨水；一大群人围着他们；Il Fuoco Eterno的布景设计,"Three men at center, an old man who holding out an open book for a soldier to sign as a smaller man stands to the left holding ink; a large group of men surround them; set design from 'Il Fuoco Eterno'",,,,,大都会艺术博物馆,,哈里斯布里斯班迪克基金会，1953年
无题-51,Untitled-51,1965,杰克·沙德博尔,画纸,素描艺术,,,
清代 李世倬 画山水册（十开）之一 清溪晚钓,,,李世倬,纸本设色,中国绘画,台北故宫博物院,清代,作者款识：本幅，行书。清溪晚钓，仿赵松雪笔，李世倬。（印记：竹窗，李，世倬，山高水长）鉴藏宝玺：宣统御览之宝收传印记：三，锡，游戏收藏著录：故宫书画录（卷八），第四册，页147；故宫书画图录，第二十五册，页120-123。
竹子,Bamboo,1830-1850,葛饰北斋,画纸,日本绘画,华盛顿国会图书馆,日本江户时代,
清代 周天球 墨兰图册（九开）之五,,,周天球,纸本墨笔,中国绘画,北京故宫博物院,清代,
鱼池,Fishpond,1931,安东尼·格罗斯,画纸,版画艺术,,当代艺术,
荷花蜻蜓3,,,齐白石,纸本设色,中国绘画,,近现代,《荷花蜻蜓图》反映了齐白石的独特画风。这幅画给人的感觉是风格清新淡雅，用笔精巧洒脱。画中荷花鲜艳欲滴，蜻蜓翩翩起舞，欣赏此画，有如清凉之风阵阵吹过，给人无尽的艺术享受。齐白石主张艺术“妙在似与不似之间”，绘画师法徐渭、朱耷、石涛、吴昌硕等，以瓜果菜蔬、花鸟虫鱼为工绝，并兼及人物、山水，与吴昌硕共享“南吴北齐”之美誉，以其纯朴的民间艺术风格与传统的文人画风相融合，达到了中国现代花鸟画最高峰。
新石器时代晚期 凸缘璧,,公元前3200-前2200年,佚名（新石器时代）,玉石,工艺美术;玉石珠宝,台北故宫博物院,史前,凸缘璧，色深黄褐，面光素。壁面刻清高宗作于乾隆五十（1785）年的诗作〈咏玉托子、永乐脱胎茗盂〉，该诗收于收于《御制五集》卷十三。由诗的内容可知，该器与同刻有此诗的院藏白瓷盏（故瓷17727）成组。本器内圈凸棱，正可容为白瓷盏之托座。色深黄褐。外径11.27cm 内径6.9cm  高1.6cm。
一个女人站在一条两旁有柱子的路的右边；中心有一尊女性雕像，丘比特在附近飞翔；左边，一个女人从云层中走出来，另一个女人坐在上方的火焰中；Il Fuoco Eterno的布景设计,"A woman standing on the right side of a road lined with columns; at center a statue of a female with cupid flying nearby; to the left, a woman emerging from the clouds as another sits among flames above; set design from 'Il Fuoco Eterno'",,,,,大都会艺术博物馆,,哈里斯布里斯班迪克基金会，1953年
年轻的男人和女人在一个客栈,Young Man and Woman in an Inn,1623,弗兰斯·哈尔斯,画布,油画艺术,,巴洛克时期,
一个女人站着全身像，穿着和服和木屐,"A woman walking to the right, full-length portrait, facing left, wearing kimono and geta",1830-1850,葛饰北斋,画纸,日本绘画,华盛顿国会图书馆,日本江户时代,
新石器时代晚期 镯形琮,,新石器时代晚期 公元前3000-公元前1800年,佚名（新石器时代）,玉石,工艺美术;玉石珠宝,台北故宫博物院,史前,灰青带黄色玉质，一端有较密集的斑杂褐沁。圆筒形略倾斜，外围等分割成三块面，每一块面分上下二组平行阴刻线，并行线两端尖出，其间宽窄一致；内孔壁抛磨光滑。全高3.14-3.18cm 宽6.25cm 孔径5.03-5.18cm 外径6.24-6.33cm。
无题-46,Untitled-46,1965,杰克·沙德博尔,画纸,素描艺术,,,
睡觉的狗,Sleeping Dog,,,,,大都会艺术博物馆,,菲利斯·马萨的遗赠，2011
邓莎庄园,Dunshay Manor,,乔治·斯宾塞·沃森,画布,油画艺术,私人收藏,浪漫主义时代,
南瓜甘芳图,,1950年,齐白石,纸本水墨设色,中国绘画,辽宁省博物馆,近现代,1950年，齐白石90岁，画了幅《南瓜甘芳》图。南瓜叶和南瓜藤墨色，南瓜绛红色，共有8个。图上题写道：“此瓜南方谓为南瓜，其味甘芳，丰年可以作下饭菜，饥年可以作粮米，春来勿忘下种，大家慎之。”
牛津地质演讲室：威廉·巴克兰博士1823年2月15日演讲,"The Geological Lecture Room, Oxford: Dr. William Buckland Lecturing on February 15, 1823",,,,,大都会艺术博物馆,,购买，哈里·G·弗里德曼遗赠，1967年
无题-42,Untitled-42,1964,杰克·沙德博尔,画纸,素描艺术,,,
旧桥,The Old Bridge,18世纪,余贝尔·罗伯尔,画布,油画艺术,大都会艺术博物馆,洛可可,
山居图1,,,齐白石,纸本设色,中国绘画,,近现代,齐白石是中国近现代绘画史上一位代表性画家，诗书画印兼能。他的笔墨意趣是中国近现代文人画的高峰，他的作品至简至朴、至纯至厚，尤其山水作品构图新奇，净纯明丽，无常法而又合法，笔墨貌似平淡、意境却大气磅礴。
通往德国的门户：伯格桥附近，洪水中的马斯,Gateway into Germany: The Maas in Flood near the Berg Bridge,1944,安东尼·格罗斯,画纸,水彩画,,当代艺术,
第七幕,Act seven,1804-1812,葛饰北斋,木板,版画艺术,华盛顿国会图书馆,日本江户时代,
安娜·范·德·阿尔,Anna van der Aar,1626,弗兰斯·哈尔斯,画布,油画艺术,,巴洛克时期,"Scriverius was a distinguished historian, poet, and scholar of classical literature. His wife, Anna van der Aar, was the daughter of a Leiden city councilman. In this pair of portraits Hals employs the scale, oval format, and illusionistic framing device that for several decades had been common in Dutch portrait prints. The male portrait alone was engraved in 1626, by Jan van de Velde II; impressions would have been sent to scholarly colleagues throughout Europe. The panels were retained as family keepsakes, in which Hals achieved the same vivid effects that he usually described on a much larger scale.摘自大都会艺术博物馆官网"
无题-69,Untitled-69,,杰克·沙德博尔,画纸,素描艺术,,,
第九幕,Act nine-1,1801-1805,葛饰北斋,木板,版画艺术,华盛顿国会图书馆,日本江户时代,
德拉神庙,Tempio della Tosse a Tivoli,1793,阿尔伯特·克里斯托夫,画纸,版画艺术,,,
诸神制焰图-字,,,范曾,纸本墨笔,中国书法,,当代,范曾，1938年生于江苏南通，中国书画大师，著名国学家、诗人。现为北京大学讲席教授，中国画法研究院院长，英国格拉斯哥大学、加拿大阿尔伯塔大学名誉文学博士，中国艺术研究院博士生导师、终身研究员，南开大学终身教授，南开大学文学院、历史学院博士生导师，南通大学终身教授，稽山书院、盘山书院院长。（雅昌艺术网）
风扇制造商Esther Burney的交易卡,"Trade card of Esther Burney, fan-maker",,,,,大都会艺术博物馆,,罗杰斯基金，从图书馆转入
蜻蜓荷花2,,,齐白石,纸本设色,中国绘画,,近现代,齐白石主张艺术“妙在似与不似之间”，绘画师法徐渭、朱耷、石涛、吴昌硕等，以瓜果菜蔬、花鸟虫鱼为工绝，并兼及人物、山水，与吴昌硕共享“南吴北齐”之美誉，以其纯朴的民间艺术风格与传统的文人画风相融合，达到了中国现代花鸟画最高峰。
瀑布,Waterfall Above Tivoli,1792,阿尔伯特·克里斯托夫,画纸,版画艺术,,,
马德里葡萄酒商店,"The Wine Shop, Madrid",1926,安东尼·格罗斯,画纸,版画艺术,,当代艺术,
Minnie Jacobs，来自演员系列（N45，1型），为弗吉尼亚光明香烟,"Minnie Jacobs, from the Actors and Actresses series (N45, Type 1) for Virginia Brights Cigarettes",,,,,大都会艺术博物馆,,杰斐逊·伯迪克收藏，杰斐逊·波迪克的礼物
佚名（希腊） 赤陶（油瓶）,Terracotta lekythos (oil flask),,佚名（希腊）,兵马俑,工艺美术,大都会艺术博物馆,古希腊艺术;古罗马艺术,上区，不确定的场景：战车被男人和女人包围中区，阿喀琉斯哀悼帕特洛克洛斯，内里德带来阿喀琉s的第二套盔甲下区，亚马逊（希腊人对抗亚马逊人的战斗）这辆lekythos具有非凡的新颖性和美感。这个异常巨大的形状被细分为三个区域，每个区域都有一个神话主题。在中间区域，Thetis和她的妹妹Nereids带来了盔甲来代替阿喀琉斯给Patroklos的那套。下方区域描绘了忒修斯和希波吕特在希腊人和亚马逊人之间的战斗。在这两种情况下，主题都涉及一个处于军事模式的女人和一个战士。最上面的场景被解释为珀尔塞福涅被绑架，但更可能的是一位神（或女神）执行神圣干预的任务。两个红色图形之间的白色地面区域强调了埃雷特里亚画家非凡的绘图技巧。它也可能表明花瓶的埋葬目的。
法国的解放和战役：瑟堡营东约克郡,"Liberation and Battle of France: Cherbourg, Battalion H.Q. of the East Yorks",1944,安东尼·格罗斯,画纸,水彩画,,当代艺术,
男人和女人聚集在街上，观看一位王室人物的入口，他坐在宝座上被抬进城市；《La Monarchia Latina Trionfante》的布景设计,"Men and women gathererd in the street to view the entrance of a royal figure, who is carried into the city on a throne; set design from 'La Monarchia Latina Trionfante'",,,,,大都会艺术博物馆,,哈里斯布里斯班迪克基金会，1953年
瀑布,Aoi gaok waterfall,1832-1833,葛饰北斋,木板,版画艺术,华盛顿国会图书馆,日本江户时代,
佚名（希腊） Sardonyx与一男一女在沙发上客串,Sardonyx cameo with a man and woman on a couch,,佚名（希腊）,Sardonyx公司,工艺美术,大都会艺术博物馆,古希腊艺术;古罗马艺术,沙发的海豚形状的头和贝壳象征着阿佛洛狄特，出生于大海。阿佛洛狄忒的属性显然只是象征性的，因为这种表现具有泥土的味道，可能是喜剧中的场景。
春天的河岸,Spring by the shore,1977,海尔格·达尔曼,画板,油画艺术,私人收藏,20世纪艺术,
第六幕,Act six,1804-1812,葛饰北斋,木板,版画艺术,华盛顿国会图书馆,日本江户时代,
在核桃树的影子下,In the Shadow of a Walnut Tree,1968,安东尼·格罗斯,画纸,版画艺术,,当代艺术,
无题-36,Untitled-36,1951,杰克·沙德博尔,画纸,素描艺术,,,
山东龙山文化晚期 鹰纹圭,,龙山文化晚期-二里头文化 约距今4300-4000年,佚名（新石器时代）,玉石,工艺美术;玉石珠宝,台北故宫博物院,史前,对称长梯形玉赭红泛白表面白雾色局部盘红而带霞红光泽。对称长梯形，宽端直刃，刃缘两面再磨出窄长刃面，刃缘有碎小崩伤；窄端平整，钻一孔；器两面琢刻鹰纹、带状兽面纹，两侧面亦琢刻花纹。两面刻御题诗及玺文。（诗文见附录六）带木座。长30.5cm 宽7.2cm。
构图,Harom N B,1978,维克托·瓦萨雷利,,油画艺术,,战后到后现代,
耶稣受难,The Crucifixion,1473,弗朗切斯科·德尔·科萨,画布,油画艺术;宗教艺术,华盛顿国会图书馆,哥特式艺术,
国学开讲,,,范曾,纸本墨笔,中国书法,,当代,范曾，1938年生于江苏南通，中国书画大师，著名国学家、诗人。现为北京大学讲席教授，中国画法研究院院长，英国格拉斯哥大学、加拿大阿尔伯塔大学名誉文学博士，中国艺术研究院博士生导师、终身研究员，南开大学终身教授，南开大学文学院、历史学院博士生导师，南通大学终身教授，稽山书院、盘山书院院长。（雅昌艺术网）
无题-72,Untitled-72,,杰克·沙德博尔,画纸,水粉画,,,
窗边的女人,Lady by the window,,海尔格·达尔曼,画板,油画艺术,私人收藏,20世纪艺术,
良渚文化中期 玉琮,,良渚文化 约公元前7000-2000年,佚名（新石器时代）,玉石,工艺美术;玉石珠宝,台北故宫博物院,史前,青玉，深沁成乳白色。器为内圆外方的柱体。外壁分成二节，上层为小眼面纹、下层为大眼面纹，各以转角为中心，向左右铺展。小眼面纹代表巫师的脸，大眼面纹是兽面的简化，线条颇为细腻。琮玉乳白色。高4.46cm 宽6.2-6.3cm 孔径5.5cm 壁厚0.4-0.65cm。
清代 周天球 墨兰图册（九开）之八,,,周天球,纸本墨笔,中国绘画,北京故宫博物院,清代,
月曼清游图册（十二开）—二月“杨柳荡千”,,,陈枚 梁诗正,绢本设色,中国绘画,北京故宫博物院,清代,《月曼清游图》册描绘的是宫廷嫔妃们一年12个月的深宫生活：正月“寒夜探梅”、二月“杨柳荡千”、三月“闲亭对弈”、四月“庭院观花”、五月“水阁梳妆”、六月“碧池采莲”、七月“桐荫乞巧”、八月“琼台玩月”、九月“重阳赏菊”、十月“文窗刺绣”、十一月“围炉博古”、十二月“踏雪寻诗”。此幅为二月“杨柳荡千”。春天来了，嫔妃们走出闺房，在芳草地赏相伴欢嬉，杨柳舞于春风，杏花映于春水，秋千架上，嫔妃的身姿轻盈如燕。　　通过这一幅幅生动的画面体现了宫廷生活与民间生活的密切关联。嫔妃们的活动内容，在民间生活中均习以为常，只不过由于宫廷的特殊地位，而令这些活动从内容到形式都具有更加富贵、繁琐及典制化的特点。　　作者在人物创作的审美取向上有别于唐代张萱、周昉笔下体态丰腴的嫔妃形象，而以明代唐寅、仇英笔下的仕女画为审美标准，追求秀润飘逸的情致。画家以工细流畅的线条和亮丽鲜活的色彩将嫔妃们描绘成身材修长、体态轻盈、“倚风娇无力”之貌。她们三五成群地行进在以界画表现的亭台楼阁内或是细笔勾染皴点的花石下。富贵闲逸的宫苑生活令她们的物质生活十分充足，也使她们的精神世界极度贫乏。　　在技法上，此图所绘人物造型生动准确，笔致工细严谨，源于宋代院体画风。图中的楼台房室建筑则采用西洋焦点透视法绘成，根据图中透视线斜度的变化，可以准确地推求出灭点的具体位置，从而加强了平面画幅的立体、纵深效果，在有限的画面上扩展出无限的空间。　　此图册于乾隆三年（1738年）绘成后深得乾隆皇帝的赞赏。乾隆帝于六年谕令皇宫“造办处”的优秀匠人，如擅镶嵌技艺的常存，擅牙雕工艺的陈祖章、陈观泉父子及顾彭年、萧汉振等，以陈枚的这本图册为画稿，用象牙、玉石等进行雕刻。匠人们精雕细琢，密切结合牙雕和镶嵌的技艺特点，令画面层次分明，富有立体感。这件雕有103人的牙雕精品被称作“百美图”。乾隆皇帝在为它题写诗文时将其正式定名为《月曼清游》。（来源：北京故宫博物院官网）
卡拉卡拉浴场,Terme di Caracalla,1793,阿尔伯特·克里斯托夫,画纸,版画艺术,,,
神庙与湖,The Temple of Leopoldine with Lake,1807,阿尔伯特·克里斯托夫,画布,油画艺术,,,"This view of the gardens to the rear of the Esterházy Palace still exists today, though the hills are more thickly wooded.摘自wikipedi"
霍比小姐，来自《弗吉尼亚亮烟》的演员系列（N45，1型）,"Miss Hoby, from the Actors and Actresses series (N45, Type 1) for Virginia Brights Cigarettes",,,,,大都会艺术博物馆,,杰斐逊·伯迪克收藏，杰斐逊·波迪克的礼物
《弗吉尼亚亮烟》演员系列（N45，1型）中的Haven小姐,"Miss Haven, from the Actors and Actresses series (N45, Type 1) for Virginia Brights Cigarettes",,,,,大都会艺术博物馆,,杰斐逊·伯迪克收藏，杰斐逊·波迪克的礼物
无题-82,Untitled-82,,杰克·沙德博尔,画纸,水粉画,,,
通往拉平拉蒂的道路,Lapinlahden portti (Gateway to Lapinlahti),,海尔格·达尔曼,画板,油画艺术,私人收藏,20世纪艺术,
墓,Sepolcro di L. Cellio a Tivoli,1795,阿尔伯特·克里斯托夫,画纸,版画艺术,,,
《伦敦新闻画报》圣诞特辑《Pussy的特权》,"""Pussy's Perquisite, from """"Illustrated London News",""""" Christmas Number""",,,,,大都会艺术博物馆,
第十二幕,Act twelve,1804-1812,葛饰北斋,木板,版画艺术,华盛顿国会图书馆,日本江户时代,
Mammolo桥的景色，背景是一座桥，中间是一座带坡道的塔，前景是一个拿着拐杖的人，来自《罗马废墟》系列,"View of Ponte Mammolo, a bridge in the background, a tower with ramp in the middle ground, a man with a walking stick in the foreground, from the series 'The Ruins of Rome'",,,,,大都会艺术博物馆,,菲利斯·马萨的遗赠，2011
卡480，冯Hubgnert，从演员和女演员系列（N45，类型1）弗吉尼亚光明香烟,"Card 480, Von Hubgnert, from the Actors and Actresses series (N45, Type 1) for Virginia Brights Cigarettes",,,,,大都会艺术博物馆,,杰斐逊·伯迪克收藏，杰斐逊·波迪克的礼物
明代 徐渭 杂画图册,,,徐渭,纸本墨笔,中国绘画,北京故宫博物院,明代,
冥王星王国；冥界的景象，冥王星和普罗瑟皮娜坐在中心，被恶魔包围；《Il Pomo D'Oro》的布景设计,"Kingdom of Pluto; a view of the underworld with Pluto and Proserpina enthroned at center, surrounded by demons; set design from 'Il Pomo D'Oro'",,,,,大都会艺术博物馆,,哈里斯布里斯班迪克基金会，1953年
清代 金俊明 梅花图册（十六开）之七,,,金俊明,纸本墨笔,中国绘画,北京故宫博物院,清代,
清代 周天球 墨兰图册（九开）之七,,,周天球,纸本墨笔,中国绘画,北京故宫博物院,清代,
4,O4 NN-2,1980,维克托·瓦萨雷利,,油画艺术,私人收藏,战后到后现代,
《众神之爱》中巴克斯和阿里阿德涅挂毯的木刻,"Wood Engraving of a Tapestry of Bacchus and Ariadne, from Amours des Dieux (Loves of the Gods)",,,,,大都会艺术博物馆,,E.Weyhe的礼物，1921年
圣徒科斯马斯和达米安的石刑,The Stoning of Saints Cosmas and Damian,1866-1946,西利·费德里克·约尼,木板,油画艺术;宗教艺术,大都会艺术博物馆,,
两只苍鹭,Two Herons,,,,,大都会艺术博物馆,,Elisha Whittelsey收藏。伊莱沙·惠特尔西基金，1963年
第二幕,Act two,1804-1812,葛饰北斋,木板,版画艺术,华盛顿国会图书馆,日本江户时代,
秦,Cithar,1982,维克托·瓦萨雷利,画纸,素描艺术,,战后到后现代,
月曼清游图册（十二开）—三月“闲亭对弈”,,,陈枚 梁诗正,绢本设色,中国绘画,北京故宫博物院,清代,《月曼清游图》册描绘的是宫廷嫔妃们一年12个月的深宫生活：正月“寒夜探梅”、二月“杨柳荡千”、三月“闲亭对弈”、四月“庭院观花”、五月“水阁梳妆”、六月“碧池采莲”、七月“桐荫乞巧”、八月“琼台玩月”、九月“重阳赏菊”、十月“文窗刺绣”、十一月“围炉博古”、十二月“踏雪寻诗”。此幅为三月“闲亭对弈”。三月，乍暖还寒，宫中嫔妃闲亭对弈。　　通过这一幅幅生动的画面体现了宫廷生活与民间生活的密切关联。嫔妃们的活动内容，在民间生活中均习以为常，只不过由于宫廷的特殊地位，而令这些活动从内容到形式都具有更加富贵、繁琐及典制化的特点。　　作者在人物创作的审美取向上有别于唐代张萱、周昉笔下体态丰腴的嫔妃形象，而以明代唐寅、仇英笔下的仕女画为审美标准，追求秀润飘逸的情致。画家以工细流畅的线条和亮丽鲜活的色彩将嫔妃们描绘成身材修长、体态轻盈、“倚风娇无力”之貌。她们三五成群地行进在以界画表现的亭台楼阁内或是细笔勾染皴点的花石下。富贵闲逸的宫苑生活令她们的物质生活十分充足，也使她们的精神世界极度贫乏。　　在技法上，此图所绘人物造型生动准确，笔致工细严谨，源于宋代院体画风。图中的楼台房室建筑则采用西洋焦点透视法绘成，根据图中透视线斜度的变化，可以准确地推求出灭点的具体位置，从而加强了平面画幅的立体、纵深效果，在有限的画面上扩展出无限的空间。　　此图册于乾隆三年（1738年）绘成后深得乾隆皇帝的赞赏。乾隆帝于六年谕令皇宫“造办处”的优秀匠人，如擅镶嵌技艺的常存，擅牙雕工艺的陈祖章、陈观泉父子及顾彭年、萧汉振等，以陈枚的这本图册为画稿，用象牙、玉石等进行雕刻。匠人们精雕细琢，密切结合牙雕和镶嵌的技艺特点，令画面层次分明，富有立体感。这件雕有103人的牙雕精品被称作“百美图”。乾隆皇帝在为它题写诗文时将其正式定名为《月曼清游》。（来源：北京故宫博物院官网）
无题-50,Untitled-50,1965,杰克·沙德博尔,画纸,素描艺术,,,
无题-80,Untitled-80,,杰克·沙德博尔,画纸,素描艺术,,,
清代 李世倬 画山水册（十开）之四 扁舟夕照,,,李世倬,纸本设色,中国绘画,台北故宫博物院,清代,作者款识：本幅，行书。扁舟夕照，穀斋倬。（印记：李，世倬，画禅）收传印记：王三锡，怀邦收藏著录：故宫书画录（卷八），第四册，页147；故宫书画图录，第二十五册，页120-123。
晨景,Morning view,,海尔格·达尔曼,画板,油画艺术,私人收藏,20世纪艺术,
山东龙山文化晚期 玉圭,,龙山文化晚期-二里头文化 约距今4300-4000年,佚名（新石器时代）,玉石,工艺美术;玉石珠宝,台北故宫博物院,史前,对称长梯形玉蒸栗色两面呈蒸栗色，宽端下部表面出现一段褐色，窄端缘呈焦黑色，玉质温润泛光泽。对称长梯形，宽端直刃不利，窄端钻二孔，小孔近窄边缘，单面钻孔，大孔近中心，两面对钻。花纹的布局，以格式化的带状兽面凸弦纹为底，上作嘴吐獠牙的面纹。两面琢刻高宗题诗及玺印文。（诗文见附录一）带墩形木座。长24.6cm 宽7cm 厚1.2cm
新井,Arai-2,1804,葛饰北斋,木板,版画艺术,华盛顿国会图书馆,日本江户时代,
佩德鲁斯·斯克里维留斯,Petrus Scriverius,1626,弗兰斯·哈尔斯,画布,油画艺术,,巴洛克时期,"Scriverius was a distinguished historian, poet, and scholar of classical literature. His wife, Anna van der Aar, was the daughter of a Leiden city councilman. In this pair of portraits Hals employs the scale, oval format, and illusionistic framing device that for several decades had been common in Dutch portrait prints. The male portrait alone was engraved in 1626, by Jan van de Velde II; impressions would have been sent to scholarly colleagues throughout Europe. The panels were retained as family keepsakes, in which Hals achieved the same vivid effects that he usually described on a much larger scale.摘自大都会艺术博物馆官网"
清代 蒋廷锡 写生花卉图册2（十二开）之七 罂粟,,清圣祖康熙六十年（1721年）,蒋廷锡,纸本墨笔,中国绘画,台北故宫博物院,清代,作者印记：酉君学画。收藏著录：石渠宝笈续编（养心殿），第二册，页1166；故宫书画录（卷八），第四册，页144；故宫书画图录，第二十四册，页292-295。
王室成员坐在华盖下，观看舞者表演《乌利塞海岸》的最后一场芭蕾舞,"The royal family sitting under a canopy, watching dancers perform the final ballet of 'La Costanza d'Ulisse'",,,,,大都会艺术博物馆,,哈里斯布里斯班迪克基金会，1953年
佚名（希腊） 青铜家具附件,Bronze furniture attachment,,佚名（希腊）,青铜,工艺美术,大都会艺术博物馆,古希腊艺术;古罗马艺术,棘皮的自然主义渲染与公共纪念碑上发现的大理石装饰风格相匹配，尤其是公元前14年至9年在罗马建造的Ara Pacis。
月曼清游图册（十二开）—六月“碧池采莲”,,,陈枚 梁诗正,绢本设色,中国绘画,北京故宫博物院,清代,《月曼清游图》册描绘的是宫廷嫔妃们一年12个月的深宫生活：正月“寒夜探梅”、二月“杨柳荡千”、三月“闲亭对弈”、四月“庭院观花”、五月“水阁梳妆”、六月“碧池采莲”、七月“桐荫乞巧”、八月“琼台玩月”、九月“重阳赏菊”、十月“文窗刺绣”、十一月“围炉博古”、十二月“踏雪寻诗”。此幅为六月“碧池采莲”。柔风掠湖，菏香阵阵，宫中佳人泛舟采集聚会，为刻板的宫廷生活增添了几分乐趣。　　通过这一幅幅生动的画面体现了宫廷生活与民间生活的密切关联。嫔妃们的活动内容，在民间生活中均习以为常，只不过由于宫廷的特殊地位，而令这些活动从内容到形式都具有更加富贵、繁琐及典制化的特点。　　作者在人物创作的审美取向上有别于唐代张萱、周昉笔下体态丰腴的嫔妃形象，而以明代唐寅、仇英笔下的仕女画为审美标准，追求秀润飘逸的情致。画家以工细流畅的线条和亮丽鲜活的色彩将嫔妃们描绘成身材修长、体态轻盈、“倚风娇无力”之貌。她们三五成群地行进在以界画表现的亭台楼阁内或是细笔勾染皴点的花石下。富贵闲逸的宫苑生活令她们的物质生活十分充足，也使她们的精神世界极度贫乏。　　在技法上，此图所绘人物造型生动准确，笔致工细严谨，源于宋代院体画风。图中的楼台房室建筑则采用西洋焦点透视法绘成，根据图中透视线斜度的变化，可以准确地推求出灭点的具体位置，从而加强了平面画幅的立体、纵深效果，在有限的画面上扩展出无限的空间。　　此图册于乾隆三年（1738年）绘成后深得乾隆皇帝的赞赏。乾隆帝于六年谕令皇宫“造办处”的优秀匠人，如擅镶嵌技艺的常存，擅牙雕工艺的陈祖章、陈观泉父子及顾彭年、萧汉振等，以陈枚的这本图册为画稿，用象牙、玉石等进行雕刻。匠人们精雕细琢，密切结合牙雕和镶嵌的技艺特点，令画面层次分明，富有立体感。这件雕有103人的牙雕精品被称作“百美图”。乾隆皇帝在为它题写诗文时将其正式定名为《月曼清游》。（来源：北京故宫博物院官网）
德国战争的最后阶段：克虏伯在埃森的作品,Final Stages of the German War: Krupp’s Works at Essen,1945,安东尼·格罗斯,画纸,水彩画,,当代艺术,
有所思,,,范曾,纸本设色,中国绘画,,当代,范曾，1938年生于江苏南通，中国书画大师，著名国学家、诗人。现为北京大学讲席教授，中国画法研究院院长，英国格拉斯哥大学、加拿大阿尔伯塔大学名誉文学博士，中国艺术研究院博士生导师、终身研究员，南开大学终身教授，南开大学文学院、历史学院博士生导师，南通大学终身教授，稽山书院、盘山书院院长。（雅昌艺术网）
龙山文化晚期-二里头文化 玉圭,,龙山文化晚期-二里头文化 公元前2200-公元前1600年,佚名（新石器时代）,玉石,工艺美术;玉石珠宝,台北故宫博物院,史前,对称长梯形玉一面近蒸栗色，一面偏黄呈牙黄色两面玉表色略异，一面近蒸栗色，一面偏黄呈牙黄色，玉质温润泛光泽。对称长梯形，宽端直刃不利，窄端钻二孔，一孔大一孔小，大孔两面对钻，小孔单面钻，无花纹。一面刻御题诗和玺印文。带穗、玉勒、玉管等装饰。长方形木盒。长18.7cm 宽4.75-5.4cm 厚1.3cm。
岛,Saari,1972,海尔格·达尔曼,画板,油画艺术,私人收藏,20世纪艺术,
无题-64,Untitled-64,,杰克·沙德博尔,画纸,水粉画,,,
龙山-齐家系 璧,,公元前11世纪中叶-公元前225年,佚名（新石器时代）,玉石,工艺美术;玉石珠宝,台北故宫博物院,史前,灰白色玉白玉环，大部泌成赭及黑色。外径16.5cm 内径6.4cm。
4号出口,Sortie d'Usine No. 4,1931,安东尼·格罗斯,画纸,版画艺术,,当代艺术,
波托菲诺野餐,A picnic at Portofino,1911,乔治·斯宾塞·沃森,画布,油画艺术,私人收藏,浪漫主义时代,
清代 李世倬 画山水册（十开）之五 仿元人山水,,,李世倬,纸本设色,中国绘画,台北故宫博物院,清代,作者款识：本幅，行书。仿元人，十石李世倬。（印记：竹窗，世倬）收传印记：王生，机到笔随收藏著录：故宫书画录（卷八），第四册，页147；故宫书画图录，第二十五册，页120-123。
静物-2,Still life-2,,海尔格·达尔曼,画布,油画艺术,私人收藏,20世纪艺术,
奎西怀特,Quercy Blanc,1975-1977,安东尼·格罗斯,画纸,水彩画,,当代艺术,
明代 文徵明 初雪江行扇页,,1534年,文徵明,纸本设色,中国绘画,台北故宫博物院,明代,作者款识：甲午（公元一五三四年）冬初雪写意。征明。作者印记： 征、明。鉴藏宝玺：宣统御览之宝。收传印记：宝宋楼珍藏、马二良真赏。收藏著录：故宫书画录（卷八），第四册，页162；故宫书画图录，第二十九册，页226-229。
齐家文化 玉琮,,齐家文化 公元前2200-公元前1800年,佚名（新石器时代）,玉石,工艺美术;玉石珠宝,台北故宫博物院,史前,内圆外方琮形玉半边白褐色半边焦黑色材质状况不清楚，现呈半边白褐色半边焦黑状，然全器已经盘磨光润。内圆外方琮形，四面平直，射颈略短，颈内圈、外圈圆整，孔内壁抛磨平滑，射口切斜，全器竖起时略倾一边。射口切斜，或为祭祀或墓葬疤记，全器似乎经火烧过。宽5.7cm 高5.5工分 孔径4.6cm。
一个自然的错误，来自杜克父子公司为推广诚实长切烟草而发布的“Puck”系列（N128）的快照,"""A Natural Mistake, from the Snapshots from """"Puck"""" series (N128) issued by Duke Sons & Co. to promote Honest Long Cut Tobacco""",,,,,大都会艺术博物馆,,杰斐逊·伯迪克收藏，杰斐逊·波迪克的礼物
自画像,Self-portrait,1947,海尔格·达尔曼,画布,油画艺术,私人收藏,20世纪艺术,
棕榈小鸡,,,齐白石,纸本墨笔,中国绘画,,近现代,齐白石在绘画艺术上受陈师曾影响甚大，同时在写意花鸟画上承徐渭、朱耷、扬州八怪以及吴昌硕，具有深厚的传统文化功力。他专长花鸟，笔酣墨饱，力健有锋。但画虫则一丝不苟，极为精细。他还推崇徐渭、朱耷、石涛、金农。尤工虾蟹、蝉、蝶、鱼、鸟、水墨淋漓，洋溢着自然界生气勃勃的气息。山水构图奇异不落旧蹊，极富创造精神，篆刻独出手眼，书法卓然不群，蔚为大家。
一对夫妇坐在地上，男人拿着高脚杯靠在女人的腿上，海上有一艘船，远处有风景,"A couple seated on the ground, the man holding a goblet and reclining against the woman's leg, a ship at sea and landscape beyond",,,,,大都会艺术博物馆,,菲利斯·马萨的遗赠，2011
佚名（希腊） 玻璃oinochoe（香水壶）,Glass oinochoe (perfume jug),,佚名（希腊）,玻璃,工艺美术,大都会艺术博物馆,古希腊艺术;古罗马艺术,半透明的钴蓝色，但脖子上有一块绿松石蓝色；脚和手柄采用钴蓝色，但有不透明的黄色条纹；轨迹不透明的黄色和不透明的绿松石蓝色。应用广泛的三叶草边缘磁盘；高筒颈，向前倾斜；宽阔不平的肩膀，前部几乎水平；球茎状身体向底部弯曲；应用展开的脚，底部不平整，稍有凹陷；把手用一个扁平的大垫子连接在肩部外缘的痕迹装饰上，向上拉出，然后翻进去，拱起缘盘上方，压在缘盘下方的颈背上。黄色痕迹，蓝绿色条纹，连接在缘盘边缘；脖子中央缠绕着一条未被发现的黄色痕迹，也有绿松石条纹；第三条黄色的痕迹，作为一个宽阔的大理石花纹垫，涂抹在肩部边缘，螺旋状地向下缠绕，然后用工具包裹上身；一条绿松石蓝色的轨迹加在黄色之上，形成一个锯齿状的图案；在这下面，一条黄色的痕迹和一条薄薄的绿松石痕迹合在一起，以不均匀的水平线缠绕在一起，第二条绿松石踪迹覆盖在黄色之上，在下体周围形成一条带子；另一条黄色的痕迹附着在脚的边缘；把手底部有一个黄色凸起的小旋钮。除了边缘盘和颈部的内部裂缝外，完好无损；小块的结垢和微弱的彩虹色风化。
佚名（希腊） 壁画碎片,Wall painting fragment,,佚名（希腊）,壁画,工艺美术,大都会艺术博物馆,古希腊艺术;古罗马艺术,在黑色的土地上；两种鸟在开花的棘属植物；藤蔓上的花。
Polifilo Zancarli的Varij绘画（弗里兹）,Disegni Varij di Polifilo Zancarli (Friezes),,,,,大都会艺术博物馆,,伊莱沙·惠特尔西收藏，伊莱沙·维特尔西基金会，1949年
勃艮第运河,Burgundy Canal,1937,安东尼·格罗斯,画纸,版画艺术,,当代艺术,
良渚文化晚期 玉琮,,良渚文化 约距今4500-4200年,佚名（新石器时代）,玉石,工艺美术;玉石珠宝,台北故宫博物院,史前,玉深碧绿色泛深浅赭班外方内圆琮形高方柱体，略呈上大下小。中孔由两端对钻，接合处有不整齐的台阶面。上射口略外撇，下射口较直。以四个方转角为小眼纹的中心，自上而下，雕琢十七节小眼面纹，玉琮的上射口上，刻一上大下小的立柱，下方接着五个小圆圈。其内涵或与当时人们信奉的「神鸟」有关。表面还留有最初切璞时的圆弧形凹陷痕。高 47.2cm 上端宽 7.7-7.8cm 下端宽6.8cm 孔径4.2-4.3cm。
无题-47,Untitled-47,1965,杰克·沙德博尔,画纸,素描艺术,,,
江南风味,,,齐白石,纸本墨笔,中国绘画,私人收藏,近现代,款识：江南风味。三百石印富翁烧烛写生之制。非盦仁弟论定，古今画蟹者，神形俱似，能有几人。非盦心折于余，未足千古定评也。兄璜记。印鉴：老木。白石翁。鉴藏印：王季迁氏审定真迹。齐白石几乎无所不画，其水族画尤为精妙，虾、蟹、鱼、蛙、蝌蚪在老人的笔下，用富含吸水性的羊毫笔与落墨即化的生宣纸，以极为精简的笔墨，似写而工地表现 这些生灵各不相同的活泼形态，恰到好处地显示了或坚硬或光滑或莹透的质感，传神地描写了它们的动人神情。
大厅里的戏剧场景，有拱形天花板和中央雕塑；两个人在背景中交谈，第三个人独自站在前景中,Theatrical scene in a great hall with a vaulted ceiling and a central sculpture; two figures converse in the background while a third stands alone in the foreground,,,,,大都会艺术博物馆,,伊莱沙·惠特尔西收藏，伊莱沙·惠特尔西基金，1962年
第十一幕,Act eleven,1804-1812,葛饰北斋,木板,版画艺术,华盛顿国会图书馆,日本江户时代,
石家河文化晚期 玉鹰纹笄,,公元前5000-前2000年,佚名（新石器时代）,玉石,工艺美术;玉石珠宝,台北故宫博物院,史前,笄玉质，灰白泛褐色。长条圆锥形，器首以立鸟为形，纹翅以浅浮雕琢出，器中央偏上有一孔。玉灰白泛褐色。径4.5cm 内径1.85cm 长11.45cm
政府寓言，战胜不和谐,Allegory of Government-Wisdom Defeating Discord,18世纪,雅各布·德·维特,画布,油画艺术,大都会艺术博物馆,巴洛克时期,
秋天,Autumn,,乔治·斯宾塞·沃森,画布,油画艺术,私人收藏,浪漫主义时代,
在一条长满雕像和树叶的小路尽头向奥林匹亚众神献祭；Il Fuoco Eterno的布景设计,A sacrifice to the Olympian gods taking place at the end of a path lined with statues and foliage; set design from 'Il Fuoco Eterno',,,,,大都会艺术博物馆,,哈里斯布里斯班迪克基金会，1953年
黄帝故里,,,范曾,纸本墨笔,中国书法,,当代,范曾，1938年生于江苏南通，中国书画大师，著名国学家、诗人。现为北京大学讲席教授，中国画法研究院院长，英国格拉斯哥大学、加拿大阿尔伯塔大学名誉文学博士，中国艺术研究院博士生导师、终身研究员，南开大学终身教授，南开大学文学院、历史学院博士生导师，南通大学终身教授，稽山书院、盘山书院院长。（雅昌艺术网）
范曾-十二生肖(全),,,范曾,设色纸本,中国绘画,,当代,范曾，1938年生于江苏南通，中国书画大师，著名国学家、诗人。现为北京大学讲席教授，中国画法研究院院长，英国格拉斯哥大学、加拿大阿尔伯塔大学名誉文学博士，中国艺术研究院博士生导师、终身研究员，南开大学终身教授，南开大学文学院、历史学院博士生导师，南通大学终身教授，稽山书院、盘山书院院长。（雅昌艺术网）
酒店,Passeggiata,,维克托·瓦萨雷利,,油画艺术,私人收藏,战后到后现代,
新石器时代晚期 玉琮,,新石器时代晚期  公元前3100-前2200年,佚名（新石器时代）,玉石,工艺美术;玉石珠宝,台北故宫博物院,史前,玉琮呈短筒形。为新石器时代晚期的产物。玉质温润，原为淡水青色，如今沁成灰棕色，杂深褐色细络。清代配上镂花木座及鎏金铜套之后，成为熏香器。木座座面饰夔龙，即草龙拐子，铜套套面饰五只云蝠及团寿字。纵6.1cm 横6.1cm 高2.5cm。
松鸡,WOOD GROUSE,1966,海尔格·达尔曼,画板,油画艺术,私人收藏,20世纪艺术,
别墅守护者,In Villa Mecenate,1794,阿尔伯特·克里斯托夫,画纸,版画艺术,,,
一位男性农民抽着烟斗，拿着酒杯，左手肘放在桌子上，另一名男子坐在桌子旁，一名女服务员穿过门外，此前有四幅小大卫·特尼尔斯的农民版画,"Male peasant smoking a pipe and holding a drinking cup, his left elbow resting on a table, another man seated at the table, a waitress walking through a doorway beyond, after a series of four prints showing peasants by David Teniers the Younger",,,,,大都会艺术博物馆,,菲利斯·马萨的遗赠，2011
佚名（希腊） 花瓶碎片,Vase fragment,,佚名（希腊）,兵马俑,工艺美术,大都会艺术博物馆,古希腊艺术;古罗马艺术,
佚名（希腊） 皇帝安东尼努斯·庇护的大理石肖像,Marble portrait of the emperor Antoninus Pius,,佚名（希腊）,大理石,工艺美术,大都会艺术博物馆,古希腊艺术;古罗马艺术,安东尼努斯·庇护在51岁时被哈德良收养为他的继任者。因此，他的肖像画以一种冷静但精致的风格将他描绘成一个成熟的人，有意识地呼应了哈德良所采用的帝国形象。公元138年，在他执政之初，他不得不迫使一个不情愿的元老院授予哈德良神圣荣誉，可能正是因为这个原因，他自己被授予庇护称号。与他的两位前任图拉真和哈德良不同，安东尼努斯没有发动任何重大战争，也没有广泛穿越帝国。事实上，他实际上是最后一位在罗马度过大部分统治时间的皇帝。安东尼努斯被认为是一位公正而勤奋的行政长官，他在帝国权力鼎盛时期主持了帝国的统治，历史学家爱德华·吉本后来将这一时期称为“人类最幸福、最繁荣的时期”
红花绿叶蝴蝶图,,,齐白石,纸本设色,中国绘画,,近现代,齐白石在绘画艺术上受陈师曾影响甚大，同时在写意花鸟画上承徐渭、朱耷、扬州八怪以及吴昌硕，具有深厚的传统文化功力。他专长花鸟，笔酣墨饱，力健有锋。但画虫则一丝不苟，极为精细。他还推崇徐渭、朱耷、石涛、金农。尤工虾蟹、蝉、蝶、鱼、鸟、水墨淋漓，洋溢着自然界生气勃勃的气息。山水构图奇异不落旧蹊，极富创造精神，篆刻独出手眼，书法卓然不群，蔚为大家。
紫葡萄,,,齐白石,纸本墨笔,中国绘画,,近现代,画中葡萄的枝条迂回缠绕，用笔设色老辣，带有飞白，叶子有浓淡阴阳变化，下方的葡萄硕果累累，色泽润透，和其枝干、叶子形成颜色、质感、笔法上的对比。齐白石在写意花鸟画上的造诣极大，受陈师曾、吴昌硕的影响，又吸取徐渭、朱耷、石涛、金农等人之长，成功地形成了自己的艺术风格。
月曼清游图册（十二开）—十一月“围炉博古”,,,陈枚 梁诗正,绢本设色,中国绘画,北京故宫博物院,清代,《月曼清游图》册描绘的是宫廷嫔妃们一年12个月的深宫生活：正月“寒夜探梅”、二月“杨柳荡千”、三月“闲亭对弈”、四月“庭院观花”、五月“水阁梳妆”、六月“碧池采莲”、七月“桐荫乞巧”、八月“琼台玩月”、九月“重阳赏菊”、十月“文窗刺绣”、十一月“围炉博古”、十二月“踏雪寻诗”。此幅为十一月“围炉博古”。时入仲冬，天气愈寒。这幅画描绘的是华屋中，暖炉旁，家中嫔妃们闲聚在一起，欣赏古画和器物的场景。　　通过这一幅幅生动的画面体现了宫廷生活与民间生活的密切关联。嫔妃们的活动内容，在民间生活中均习以为常，只不过由于宫廷的特殊地位，而令这些活动从内容到形式都具有更加富贵、繁琐及典制化的特点。　　作者在人物创作的审美取向上有别于唐代张萱、周昉笔下体态丰腴的嫔妃形象，而以明代唐寅、仇英笔下的仕女画为审美标准，追求秀润飘逸的情致。画家以工细流畅的线条和亮丽鲜活的色彩将嫔妃们描绘成身材修长、体态轻盈、“倚风娇无力”之貌。她们三五成群地行进在以界画表现的亭台楼阁内或是细笔勾染皴点的花石下。富贵闲逸的宫苑生活令她们的物质生活十分充足，也使她们的精神世界极度贫乏。　　在技法上，此图所绘人物造型生动准确，笔致工细严谨，源于宋代院体画风。图中的楼台房室建筑则采用西洋焦点透视法绘成，根据图中透视线斜度的变化，可以准确地推求出灭点的具体位置，从而加强了平面画幅的立体、纵深效果，在有限的画面上扩展出无限的空间。　　此图册于乾隆三年（1738年）绘成后深得乾隆皇帝的赞赏。乾隆帝于六年谕令皇宫“造办处”的优秀匠人，如擅镶嵌技艺的常存，擅牙雕工艺的陈祖章、陈观泉父子及顾彭年、萧汉振等，以陈枚的这本图册为画稿，用象牙、玉石等进行雕刻。匠人们精雕细琢，密切结合牙雕和镶嵌的技艺特点，令画面层次分明，富有立体感。这件雕有103人的牙雕精品被称作“百美图”。乾隆皇帝在为它题写诗文时将其正式定名为《月曼清游》。（来源：北京故宫博物院官网）
蓝色的牵牛花,Blue blossom of morning glory on vine,1830-1850,葛饰北斋,画纸,日本绘画,华盛顿国会图书馆,日本江户时代,
花卉草虫册页（十七开）之红蓼彩蝶图,,,齐白石,纸本设色,中国绘画,,近现代,齐白石主张艺术“妙在似与不似之间”；衰年变法，绘画师法徐渭、朱耷、石涛、吴昌硕等，形成独特的大写意国画风格，开红花墨叶一派，尤以瓜果菜蔬花鸟虫鱼为工绝，兼及人物、山水，名重一时，与吴昌硕共享“南吴北齐”之誉；以其纯朴的民间艺术风格与传统的文人画风相融合，达到了中国现代花鸟画最高峰。篆刻初学丁敬、黄小松，后仿赵撝叔，并取法汉印；见《祀三公山碑》、《天发神谶碑》，篆法一变再变，印风雄奇恣肆，为近现代印风嬗变期代表人物。其书法广临碑帖，历宗何绍基、李北海、金冬心、郑板桥诸家，尤以篆、行书见长。诗不求工，无意唐宋，师法自然，书写性灵，别具一格。其画印书诗人称四绝。一生勤奋，砚耕不辍，自食其力，品行高洁，尤具民族气节。留下画作三万余幅、诗词三千余首、自述及其他文稿并手迹多卷。
泰勒 莫纳多克山,Monadnock Mountain,1902前,雅培·翰德逊·泰勒,画纸,水彩画,史密森尼美国艺术博物馆,象征主义与新艺术风格,
亚伯的牺牲（《该隐和亚伯的故事》第1版）,The sacrifice of Abel (plate 1 from The Story of Cain and Abel),,,,,大都会艺术博物馆,,哈里斯布里斯班迪克基金会，1953年
有事於西,,,范曾,纸本设色,中国绘画,,当代,范曾，1938年生于江苏南通，中国书画大师，著名国学家、诗人。现为北京大学讲席教授，中国画法研究院院长，英国格拉斯哥大学、加拿大阿尔伯塔大学名誉文学博士，中国艺术研究院博士生导师、终身研究员，南开大学终身教授，南开大学文学院、历史学院博士生导师，南通大学终身教授，稽山书院、盘山书院院长。（雅昌艺术网）
油灯飞蛾,,1945,齐白石,纸本墨笔,中国绘画,中国美术馆,近现代,齐白石在绘画艺术上受陈师曾影响甚大，同时在写意花鸟画上承徐渭、朱耷、扬州八怪以及吴昌硕，具有深厚的传统文化功力。他专长花鸟，笔酣墨饱，力健有锋。但画虫则一丝不苟，极为精细。他还推崇徐渭、朱耷、石涛、金农。尤工虾蟹、蝉、蝶、鱼、鸟、水墨淋漓，洋溢着自然界生气勃勃的气息。山水构图奇异不落旧蹊，极富创造精神，篆刻独出手眼，书法卓然不群，蔚为大家。
春色与桥,Spring view with bridge,1977,海尔格·达尔曼,画板,油画艺术,私人收藏,20世纪艺术,
中间,Zett-p,1972-1974,维克托·瓦萨雷利,,油画艺术,私人收藏,战后到后现代,
半人马座,Centauri XI,1965,维克托·瓦萨雷利,画布,油画艺术,私人收藏,战后到后现代,
男子肖像,Portrait of a Man-14,1612-1616,弗兰斯·哈尔斯,画布,油画艺术,,巴洛克时期,
斑马,Zebras,1938,维克托·瓦萨雷利,,油画艺术,,战后到后现代,
波黛特,La Bourdette,1932,安东尼·格罗斯,画纸,版画艺术,,当代艺术,
《小牛奶饮酒者》（The Little Milk Drinkers）,Les Petits Buveurs de Lait (The Little Milk Drinkers),,,,,大都会艺术博物馆,,伊莱沙·惠特尔西收藏，伊莱沙·维特尔西基金，1954年
路上的猎人,The hunter on the road,,海尔格·达尔曼,画板,油画艺术,私人收藏,20世纪艺术,
蜻蜓荷花3,,,齐白石,纸本设色,中国绘画,,近现代,齐白石主张艺术“妙在似与不似之间”，绘画师法徐渭、朱耷、石涛、吴昌硕等，以瓜果菜蔬、花鸟虫鱼为工绝，并兼及人物、山水，与吴昌硕共享“南吴北齐”之美誉，以其纯朴的民间艺术风格与传统的文人画风相融合，达到了中国现代花鸟画最高峰。
《伦敦新闻画报》祖父肖像,"""Grandfather's Portrait, from """"Illustrated London News""""""",,,,,大都会艺术博物馆,,多纳托·埃斯波西托的礼物，2015
佚名（希腊） 玻璃水瓶（香水瓶）,Glass hydriske (perfume bottle),,佚名（希腊）,玻璃,工艺美术,大都会艺术博物馆,古希腊艺术;古罗马艺术,半透明钴蓝色，手柄颜色相同；不透明的白色和不透明的黄色的轨迹。水平的边缘圆盘，有圆形的边缘；高筒颈，向前倾斜；宽横肩；卵球形体；采用圆形衬垫底座，边缘圆形，底部平坦；在肩部和身体的交界处，有两个小的垂直环形把手；背带把手也用在肩和身体的连接处，向上向外拉，然后向内压在轮辋的下侧。轮辋前缘有一个未经测量的黄色斑点；一条白色的痕迹附着在脖子底部，缠绕在肩膀上；一条黄色的痕迹，涂抹在白色的肩膀上，缠绕在周围；然后，两条轨迹都被加工成一个紧密的Z字形图案，在身体的上半部分有很深的垂直肋，然后在下半身周围以三条水平线的螺旋状继续向下。完整的，除了一个手柄的大部分，以及身体下侧被裂缝包围的小圆孔；钝化和轻微的点蚀，有风化痕迹，特别是在小径上。
静物-1,Still life-1,,海尔格·达尔曼,画板,油画艺术,私人收藏,20世纪艺术,
利莉·霍华德，海盗公司，演员系列（N45，1型）中的弗吉尼亚光明香烟,"Lillie Howard, Corsair Co., from the Actors and Actresses series (N45, Type 1) for Virginia Brights Cigarettes",,,,,大都会艺术博物馆,,杰斐逊·伯迪克收藏，杰斐逊·波迪克的礼物
佚名（希腊） 王座上有男性雕像的石膏浮雕碎片,Plaster relief fragment with a male figure on a throne,,佚名（希腊）,灰泥,工艺美术,大都会艺术博物馆,古希腊艺术;古罗马艺术,由公元前4世纪的希腊金属浮雕铸造。本案中展示的石膏浮雕是由晚期古典主义和希腊化的金属浮雕铸造而成。它们可能可以追溯到帝国早期，当时埃及、罗马、黑海地区和阿富汗都有类似的例子。这些浮雕在整个罗马帝国及其贸易路线上的广泛存在反映了罗马收藏家对早期希腊作品的兴趣。
身着红色皮草外套的希尔达·斯宾塞·沃森,Hilda Spencer Watson in a red coat and fur muff,,乔治·斯宾塞·沃森,画布,油画艺术,私人收藏,浪漫主义时代,
海伦·哈德森，来自《弗吉尼亚亮烟》的演员系列（N45，1型）,"Helen Hudson, from the Actors and Actresses series (N45, Type 1) for Virginia Brights Cigarettes",,,,,大都会艺术博物馆,,杰斐逊·伯迪克收藏，杰斐逊·波迪克的礼物
向警司致敬-索尔兹伯里大教堂,Homage to Constable - Salisbury Cathedral,1975,安东尼·格罗斯,画纸,版画艺术,,当代艺术,
对联-谁接千载 我瞻四方,,,范曾,纸本墨笔,中国书法,,当代,范曾，1938年生于江苏南通，中国书画大师，著名国学家、诗人。现为北京大学讲席教授，中国画法研究院院长，英国格拉斯哥大学、加拿大阿尔伯塔大学名誉文学博士，中国艺术研究院博士生导师、终身研究员，南开大学终身教授，南开大学文学院、历史学院博士生导师，南通大学终身教授，稽山书院、盘山书院院长。（雅昌艺术网）
无题-70,Untitled-70,,杰克·沙德博尔,画纸,水粉画,,,
良渚文化 雕纹方玉管,,良渚文化 公元前3200-前2200年,佚名（新石器时代）,玉石,工艺美术;玉石珠宝,台北故宫博物院,史前,这件的下端被切去射口及短横棱。此方管器表自上而下雕有四节「简化式小眼面纹」。也就是每一面中央原有的垂直凹槽消失，原有横向分节凹槽也不琢，每节只以长横棱连续围绕四周的器壁，在转角上琢出代表鼻头的短横棱。有时连小圆眼也若有若无。此件第四节下端被切去一半，故纹饰不全。长1.5cm 宽1.3cm 高4.9cm。
佚名（希腊） 大理石男孩半身像,Marble portrait bust of a boy,,佚名（希腊）,大理石,工艺美术,大都会艺术博物馆,古希腊艺术;古罗马艺术,这尊半身像的缩小比例和精心梳理的头发，刘海分在中间，这些特征表明其年代接近公元一世纪中叶。
竹笋,Bamboo shoots,1830-1850,葛饰北斋,画纸,日本绘画,华盛顿国会图书馆,日本江户时代,
Jean Harold，《弗吉尼亚亮烟》演员系列（N45，1型）,"Jean Harold, from the Actors and Actresses series (N45, Type 1) for Virginia Brights Cigarettes",,,,,大都会艺术博物馆,,杰斐逊·伯迪克收藏，杰斐逊·波迪克的礼物
佚名（希腊） 迪亚杜梅诺斯的兵马俑雕像（年轻人在头上绑了一块鱼片）,Terracotta statuette of the Diadoumenos (youth tying a fillet around his head),,佚名（希腊）,兵马俑,工艺美术,大都会艺术博物馆,古希腊艺术;古罗马艺术,Polykleitos对约公元前430年希腊铜像的复制品艺术史学科的起源始于希腊化时期。公元前五世纪的希腊雕像，尤其是波利克利托斯、菲迪亚斯和其他人的作品，被人们寻找并经常复制。Polykleitos的著名Diadoumenos雕像的姿势在这尊小雕像中是可以辨认的，但其细长、优美的形状符合希腊化晚期的品味。尽管陶俑是古代雕塑生产中最丰富、最便宜的材料之一，但它被用来制作微型复制品的范围比预期的要小。显然，只有少数几个制作中心专注于这一雕塑类型，而那些中心则在很大程度上限制了他们对主题的选择。小亚细亚西海岸的希腊城市士麦那是最重要的复制中心之一，那里制作了许多古典和希腊化时期著名雕像类型的大型和小型复制品或变体。
素食,Vegokta,,维克托·瓦萨雷利,,油画艺术,,战后到后现代,
无题-62,Untitled-62,,杰克·沙德博尔,画纸,素描艺术,,,
麦田,Wheatfield,1966,安东尼·格罗斯,画纸,版画艺术,,当代艺术,
清代 蒋廷锡 花卉图册（九开）之五 果熟来禽,,,蒋廷锡,绢本设色,中国绘画,台北故宫博物院,清代,收藏著录：故宫书画录（卷八），第四册，页144；故宫书画图录，第二十四册，页300-301。
泰勒 弟弟和妹妹（玛丽和杰拉尔德·塞耶）,Brother and Sister (Mary and Gerald Thayer),1889,雅培·翰德逊·泰勒,画布,油画艺术,史密森尼美国艺术博物馆,象征主义与新艺术风格,
穿过田野的军队；士兵们左右步行，而其他人则骑着大象和骆驼穿过中心；《La Monarchia Latina Trionfante》的布景设计,"An army marching through a field; soldiers on foot at left and right, while others ride elephants and camels down the center; set design from 'La Monarchia Latina Trionfante'",,,,,大都会艺术博物馆,,哈里斯布里斯班迪克基金会，1953年
圣文森特费雷尔,Saint Vincent Ferrer,1473-1475,弗朗切斯科·德尔·科萨,画布,油画艺术;宗教艺术,英国国家美术馆,哥特式艺术,
仔虎,,,范曾,纸本设色,中国绘画,,当代,范曾，1938年生于江苏南通，中国书画大师，著名国学家、诗人。现为北京大学讲席教授，中国画法研究院院长，英国格拉斯哥大学、加拿大阿尔伯塔大学名誉文学博士，中国艺术研究院博士生导师、终身研究员，南开大学终身教授，南开大学文学院、历史学院博士生导师，南通大学终身教授，稽山书院、盘山书院院长。（雅昌艺术网）
佚名（希腊） 项链、项链,"Necklace, chain",,佚名（希腊）,金,工艺美术,大都会艺术博物馆,古希腊艺术;古罗马艺术,
一个女人站在空荡荡的街道上，仰望天空中的奥林匹亚诸神；Il Fuoco Eterno的布景设计,"A woman standing on an empty street, gazing up at the Olympian gods in the sky; set design from 'Il Fuoco Eterno'",,,,,大都会艺术博物馆,,哈里斯布里斯班迪克基金会，1953年
佚名（希腊） 黄玉髓,Chalcedony scaraboid,,佚名（希腊）,玉髓,工艺美术,大都会艺术博物馆,古希腊艺术;古罗马艺术,测试箭的弓箭手埃皮梅内斯在波士顿美术博物馆的一块宝石上签下了自己的名字。他可能是在爱琴海的一个岛屿上接受训练的。
佚名（希腊） 玻璃芳气球（香水瓶）,Glass aryballos (perfume bottle),,佚名（希腊）,玻璃,工艺美术,大都会艺术博物馆,古希腊艺术;古罗马艺术,半透明钴蓝色，手柄颜色相同；不透明的黄色和不透明的绿松石蓝色轨迹。宽的向内倾斜的边缘圆盘；短圆柱形颈部，向下逐渐变细；直角肩；近似球形体；凸出的，有点尖的底部；两个带节尾的垂直环柄，用于花纹装饰，从肩部延伸到边缘的下侧。黄色花纹用于边缘盘的外缘；另一条黄色的痕迹施加在上身，螺旋状缠绕，首先是水平线，然后在身体中心部分周围加工成紧密的Z字形图案，由浅的垂直加工凹痕形成；两条厚厚的绿松石蓝色轨迹覆盖在黄色之上，形成了一个大胆、均匀的设计；在这下面，一条黄色的小路水平地缠绕着身体；沿一柄外缘的青绿色痕迹。边缘、颈部和肩部断裂并修复，边缘盘、颈部和一柄缺失部分；边缘、颈部和手柄上有轻微的暗沉和点蚀，以及小块彩虹色的乳白色风化。
该隐谋杀亚伯（《该隐与亚伯的故事》第二版）,Cain murdering Abel (plate 2 from The Story of Cain and Abel),,,,,大都会艺术博物馆,,哈里斯布里斯班迪克基金会，1953年
寿酒图2,,1955,齐白石,纸本设色,中国绘画,,近现代,《寿酒图》画藤篮一只，内有两个硕大的寿桃，殷红欲滴，令人垂涎。又画佳酿一瓮，中储美酒，酒未开封而香飘里巷矣。左上端题篆书“寿酒”二字，正是典型的齐白石篆书作风，其中隐隐可见《吴天发神谶碑》和汉《祀三公山碑》的影子，那正是白石醉心的古典法书经典。款题：“九十岁白石并篆。”下钤“齐璜”印，右下角有压脚章“人长寿”，此印乃齐白石篆刻的代表刻，钤于此画中，真可谓相得益彰，妥帖自然，众美毕臻。
古埃及的消遣,Pastime in Ancient Egypt,,,,,大都会艺术博物馆,,多纳托·埃斯波西托的礼物，2015
十二生肖文2,,,范曾,纸本墨笔,中国书法,,当代,范曾，1938年生于江苏南通，中国书画大师，著名国学家、诗人。现为北京大学讲席教授，中国画法研究院院长，英国格拉斯哥大学、加拿大阿尔伯塔大学名誉文学博士，中国艺术研究院博士生导师、终身研究员，南开大学终身教授，南开大学文学院、历史学院博士生导师，南通大学终身教授，稽山书院、盘山书院院长。（雅昌艺术网）
清代 周天球 墨兰图册（九开）之六,,,周天球,纸本墨笔,中国绘画,北京故宫博物院,清代,
托马斯·纳斯特手持调色板和画笔的四分之三长肖像,Three-quarter Length Portrait of Thomas Nast Holding Palette and Brush,,,,,大都会艺术博物馆,,小托马斯·纳斯特、梅布尔·纳特·克劳福德和西里尔·纳斯特的礼物，1933年
海边,Sea Shore,,安东尼·格罗斯,画纸,版画艺术,,当代艺术,
第八幕,Act eight,1804-1812,葛饰北斋,木板,版画艺术,华盛顿国会图书馆,日本江户时代,
佚名（希腊） 兵马俑碗,Terracotta Megarian bowl,,佚名（希腊）,兵马俑,工艺美术,大都会艺术博物馆,古希腊艺术;古罗马艺术,这个碗上除了一个人物外，其他的人物都刻有铭文。从左到右，克里特国王伊多梅纽斯在法伊斯托斯踏上战车时攻击他。在这段小插曲的右边，雅典娜和阿瑞斯坐在岩石上，面对着斯卡曼德罗斯河的化身，同时观察阿伽门农和一个现在无名的特洛伊敌人之间的战斗。这个碗上的主题紧跟着《伊利亚特》第五卷中的一集，在这一集中，雅典娜告诫战神阿瑞斯在上述人物之间发生的特洛伊冲突的特定二元对立期间保持中立。与荷马的文字一样，两位奥运选手在斯卡曼德罗斯河畔观察战斗，这一细节证实了碗上描绘的主题。
无题,Untitle,,维克托·瓦萨雷利,,油画艺术,,战后到后现代,
维加盐,Vega-Tuz,1981,维克托·瓦萨雷利,画纸,素描艺术,,战后到后现代,
他们害怕水。。。来自新闻，发表于Le Charivari，1859年5月11日,"Ils ont peur de l'eau..., from Actualités, published in Le Charivari, May 11, 1859",,,,,大都会艺术博物馆,,哈里·G·弗里德曼的礼物，1960年
忏悔节狂欢,Shrovetide Revellers,1615,弗兰斯·哈尔斯,画布,油画艺术,,巴洛克时期,"忏悔节，现在更广为人知的是狂欢节，是四旬期禁食和自律之前的传统放纵时期。在十七世纪的荷兰，它也是画家协会进行戏剧表演的场合。在这里，哈尔斯描绘了这些戏剧中的两个人物，汉斯·沃斯特（Hans Worst）的帽子上挂着一根香肠，而佩克尔哈林（Pekelharing）则戴着咸鱼和鸡蛋的花环。他们身边是一个衣着华丽的女孩（可能是一个穿着变装的男孩，因为女性不允许在这些场合表演）。前景中散落着静物元素，既是节日的传统食物，也唤起了丰富的色情影射。Shrovetide, now better known as Mardi Gras, is the traditional period of indulgence before the fasting and self-discipline of Lent. In the seventeenth-century Netherlands, it was also the occasion for theatrical performances by the painters’ guilds. Here, Hals depicts two stock figures from these plays, Hans Worst, with a sausage dangling from his cap, and Pekelharing, who sports a garland of salted fish and eggs. They flank a richly dressed girl (probably a boy in drag, as women were not permitted to perform on these occasions). Still life elements litter the foreground, evoking both the traditional foods of the festival and an abundance of erotic innuendo.（来源：大都会艺术博物馆官网  翻译：Artlib）"
山上的小屋,A Cottage on a Hill,,,,,大都会艺术博物馆,,菲利斯·马萨的遗赠，2011
十二生肖文,,,范曾,纸本墨笔,中国书法,,当代,范曾，1938年生于江苏南通，中国书画大师，著名国学家、诗人。现为北京大学讲席教授，中国画法研究院院长，英国格拉斯哥大学、加拿大阿尔伯塔大学名誉文学博士，中国艺术研究院博士生导师、终身研究员，南开大学终身教授，南开大学文学院、历史学院博士生导师，南通大学终身教授，稽山书院、盘山书院院长。（雅昌艺术网）
佚名（希腊） 陶柱碗（用于混合葡萄酒和水的碗）,Terracotta column-krater (bowl for mixing wine and water),,佚名（希腊）,兵马俑,工艺美术,大都会艺术博物馆,古希腊艺术;古罗马艺术,正面，赫帕伊斯托斯骑骡子在萨提尔和大师之间反面，狄奥尼索斯在萨提尔和大师之间座谈会，通常被解释为饮酒聚会，是希腊特别是雅典社会的一个公认特征。一个多世纪以来，花瓶上的图案记录了葡萄酒、女人和歌曲是主要成分。然而，更值得强调的是，研讨会作为一个允许公民聚会、交易的机构的重要性，正如柏拉图的对话所表明的那样，它可以进行认真的讨论。研讨会的一个重要设备是一个花瓶，里面的葡萄酒用水稀释，然后从花瓶里盛出来。在公元前六世纪最后四分之一之前的黑色人物花瓶绘画中，大而精致的克拉的装饰往往是神话般的。（在红色人物花瓶上，研讨会本身经常被描绘出来。主题包括花瓶的两侧，是赫帕伊斯托斯返回众神之家奥林波斯山。赫法伊斯托斯，神的铁匠，赫拉和宙斯的儿子。因为他天生跛脚，他的母亲把他赶出了奥林匹克运动会。为了报复，赫法斯托斯建造了一个宝座，当赫拉坐在上面时，她会牢牢地抓住她。只有赫法斯托斯才能释放她。因此，他得到了葡萄酒，并由酒神狄奥尼索斯护送到奥林波斯，陪同他的男性和女性追随者，萨蒂尔和麦纳德。
清代 蒋廷锡 花卉图册（九开）之四 凌霄花,,,蒋廷锡,绢本设色,中国绘画,台北故宫博物院,清代,收藏著录：故宫书画录（卷八），第四册，页144；故宫书画图录，第二十四册，页300-301。
1719年9月2日，萨克森王子和他的妻子在维也纳结婚后进入德累斯顿,"Entry of the Prince of Saxony with his Wife into Dresden on September 2, 1719, after their Marriage in Vienna",,,,,大都会艺术博物馆,,菲利斯·马萨的遗赠，2011
无题-61,Untitled-61,,杰克·沙德博尔,画纸,素描艺术,,,
干点蚀刻,Rue Chat Qui Peche drypoint etching,1924,安东尼·格罗斯,画纸,版画艺术,,当代艺术,
有两个孩子的母亲,Mother with Two Children,,,,,大都会艺术博物馆,,伊莱沙·惠特尔西收藏，伊莱沙·维特尔西基金，1960年
齐家文化 玉琮,,齐家文化 公元前2200-公元前1800年,佚名（新石器时代）,玉石,工艺美术;玉石珠宝,台北故宫博物院,史前,内圆外方琮形玉灰青带绿灰青带绿，「糖包白」青玉质，糖的部分颜色极深，盘红色泽温润。内圆外方琮形，制作整齐，射颈略长，射口内圆外不圆，惟一端射口切斜。长6.2cm 宽6.1cm 高10.6cm
明代 文徵明 平江渔隐册页,,,文徵明,绢本设色,中国绘画,台北故宫博物院,明代,作者款识：征明。作者印记：文征明印、衡山。收藏著录：故宫书画录（卷八），第四册，页160；故宫书画图录，第二十八册，页314-321。参考文献：李玉珉，〈艺苑胪珍　册　明文征明雪山揽胜〉，收入《故宫书画图录(卅一)》（台北：国立故宫博物院，2012.12），页86-93。
清代 蒋廷锡 写生花卉图册2（十二开）之六 紫薇,,清圣祖康熙六十年（1721年）,蒋廷锡,纸本墨笔,中国绘画,台北故宫博物院,清代,作者印记：酉君。收藏著录：石渠宝笈续编（养心殿），第二册，页1166；故宫书画录（卷八），第四册，页144；故宫书画图录，第二十四册，页292-295。
赫尔辛基,Motif from Helsinki,,海尔格·达尔曼,画板,油画艺术,私人收藏,20世纪艺术,
大汶口文化晚期 玉钺,,大汶口文化晚期 新石器时代晚期-二里头文化 约距今5000-4600年,佚名（新石器时代）,玉石,工艺美术;玉石珠宝,台北故宫博物院,史前,不对称梯形玉青绿带褐色玉质青绿带褐色玉质，密布黑砂点的流动带状，层层清楚，器面抛磨光泽。不对称钺形，惟推测原器应属两侧对称的钺形，后因一角缺损加以磨平而成今之形状；宽幅直刃，近背端钻一孔，两面对钻，一小孔单面钻于背端一角落。厚0.4cm 长15.2cm 宽11.3cm。
清代 金俊明 梅花图册（十六开）之九,,,金俊明,纸本墨笔,中国绘画,北京故宫博物院,清代,
士兵玩牌，来自《伦敦新闻画报》,"""Soldiers Playing at Cards, from """"Illustrated London News""""""",,,,,大都会艺术博物馆,,多纳托·埃斯波西托的礼物，2015
无题-35,Untitled-35,1950,杰克·沙德博尔,画纸,水粉画,,,
清代 蒋廷锡 写生花卉图册2（十二开）之十一 菊花,,清圣祖康熙六十年（1721年）,蒋廷锡,纸本墨笔,中国绘画,台北故宫博物院,清代,作者印记：西谷。收藏著录：石渠宝笈续编（养心殿），第二册，页1166；故宫书画录（卷八），第四册，页144；故宫书画图录，第二十四册，页292-295。
宏福,Tivoli,1793,阿尔伯特·克里斯托夫,画纸,版画艺术,,,
第五幕,Act five,1804-1812,葛饰北斋,木板,版画艺术,华盛顿国会图书馆,日本江户时代,
维图姆纳斯和波莫纳,Vertumnus and Pomona,,,,,大都会艺术博物馆,,菲利斯·马萨的遗赠，2011
冬末,Late winter,1966,海尔格·达尔曼,画布,油画艺术,私人收藏,20世纪艺术,
龙山-齐家系 玉璧,,齐家文化 约距今4600-3600年,佚名（新石器时代）,玉石,工艺美术;玉石珠宝,台北故宫博物院,史前,圆璧形玉灰青带褐色玉质，有黑砂点杂斑灰青带褐色玉质，有黑砂点杂斑，玉质尚称纯匀。不甚圆的璧形，器面伏鼓不平整，厚薄不一，外缘多处崩伤，一面有一首较浅的折线切割痕，中孔甚小，单面钻。直径 38×39cm 孔径 6.5cm 较厚 1.9 cm。
泰勒 一头获奖的公牛,A Prize Bull,1870,雅培·翰德逊·泰勒,画布,油画艺术,史密森尼美国艺术博物馆,象征主义与新艺术风格,
万塔河,RIVER VANTAA,1978,海尔格·达尔曼,画板,油画艺术,私人收藏,20世纪艺术,
女人,Kvinna,1947,海尔格·达尔曼,画布,油画艺术,私人收藏,20世纪艺术,
风景-1,Landscape-1,,海尔格·达尔曼,画板,油画艺术,私人收藏,20世纪艺术,
无题-38,Untitled-38,1952,杰克·沙德博尔,画纸,水粉画,,,
清代 金俊明 梅花图册（十六开）,,,金俊明,纸本墨笔,中国绘画,北京故宫博物院,清代,
艾什泰哈齐城堡花园,Projected Garden Facade of Esterhazy Castle,1812,阿尔伯特·克里斯托夫,画布,油画艺术,,,"This is a planned garden facade of the Esterházy Palace, which would have converted the rear of the building (facing the view seen above) to a new front entrance. The profligate Prince Nicolaus, who planned the addition, ran out of money and only the central series of columns was ever built.摘自wikipedia"
11,ION-11,,维克托·瓦萨雷利,,油画艺术,,战后到后现代,
新石器时代晚期 扇形璜,,公元前5000-前1999年,佚名（新石器时代）,玉石,工艺美术;玉石珠宝,台北故宫博物院,史前,玉扇形，器薄而厚度不匀，二圆穿均由一面凿成。淡黄色闪玉，两端呈赭色。淡黄色闪玉，两端呈赭色。器薄而厚度不匀，二圆穿均由一面凿成。长7.6cm 宽2.3cm。
清代 周天球 墨兰图册（九开）之四,,,周天球,纸本墨笔,中国绘画,北京故宫博物院,清代,
亚当和夏娃哀悼亚伯的死（《该隐和亚伯的故事》第3版）,Adam and Eve mourning the death of Abel (plate 3 from The Story of Cain and Abel),,,,,大都会艺术博物馆,,哈里斯布里斯班迪克基金会，1953年
无题-39,Untitled-39,1957,杰克·沙德博尔,画纸,素描艺术,,,
风景-2,Landscape-2,,海尔格·达尔曼,画板,油画艺术,私人收藏,20世纪艺术,
龙山—齐家系 玉琮,,齐家文化 约距今4600-3600年,佚名（新石器时代）,玉石,工艺美术;玉石珠宝,台北故宫博物院,史前,内圆外方琮形玉暗灰绿色红沁暗灰绿色青玉质，密布黑色藻丝包裹体沉积结构，局部红沁斑。内圆外方琮形，制作工整，四面平整，射颈较短（占器身的比例），射口内缘、外缘均圆整，孔壁垂质光滑，从颈至肩呈斜面。附：此器出射的方式似与一般齐家文化风格的玉琮不同，其切角较浅，而射颈的部位经相当多的功夫磨饰，惟玉料属齐家文化常用的玉料，因此，仍订为齐家文化风格之物。高 32cm 边较宽 10.5cm 孔径 8.0cm 较厚 1.7 cm
佚名（希腊） 赤陶（油瓶）,Terracotta lekythos (oil flask),,佚名（希腊）,兵马俑,工艺美术,大都会艺术博物馆,古希腊艺术;古罗马艺术,肩上坐着的女人，也许是女神，四个年轻人和八个跳舞的少女走近了她。身上，女人们正在制作羊毛。女人最重要的职责之一是准备羊毛和织布。在这里，在中心，两名妇女在一台立式织机上工作。右边，三个女人在称羊毛。在更右边，四名妇女将羊毛纺成纱线，而她们之间的成品布正在折叠。
明代 沈周 山水册页,,,沈周,纸本设色,中国绘画,台北故宫博物院,明代,作者印记：启南。收传印记：周诗雅印、周氏藏册印、宋荦审定、李应祯印、大风堂。收藏著录：大风堂遗赠名迹特展图录，页101。
奶嘴,Les Mamelons,1962,安东尼·格罗斯,画纸,版画艺术,,当代艺术,
两个饮酒者-2,Two Drinkers-2,19世纪,奥诺雷·杜米埃,画纸,素描艺术,大都会艺术博物馆,现实主义时期,
清代 金俊明 梅花图册（十六开）之十,,,金俊明,纸本墨笔,中国绘画,北京故宫博物院,清代,
佚名（希腊） 珠子，33,"Beads, 33",,佚名（希腊）,玻璃,工艺美术,大都会艺术博物馆,古希腊艺术;古罗马艺术,
哈勒姆老人院的摄政者,"The Regentesses Of The Old Men's Almhouse, Haarlem",1664,弗兰斯·哈尔斯,画布,油画艺术,,巴洛克时期,这幅作品是哈尔斯在84岁高龄的时候为哈莱姆市民的“上帝之家”绘制的，是哈尔斯“群像画”的代表作。“上帝之家”是哈莱姆市民为收容老人修建的。哈尔斯一生穷困潦倒，备尝失意和辛酸。但他却以火一样的激情把女执事们描绘得栩栩如生。为哈莱姆老人院的男执事和女执事们绘制的两组大型群像画，不仅是哈尔斯这位仅次于伦勃朗的、最伟大的肖像画家在晚年的一幅重要作品，而且它的风格在艺术史上也具有重要意义。1664年，画中的四个女执事是“上帝之家”养老院的董事会成员。她们是斯豪滕、威廉姆斯、安娜•达姆和亚德里亚•娜娜•瓦尔德•霍夫。哈尔斯为她们和一位母亲创作了群像画，背景中的油画是《撒玛利亚》。哈尔斯对人物分别绘制，每一个人都是一个独立的个体。在白色衣领上的面孔似乎飘浮在背景的黑暗中。暗色的背景中，淡红色的晚霞像是余烬最后闪烁的微光。这幅作品最生动之处在于充满了老年和死亡的概念：“夕阳无限好，只是近黄昏”。这种忧郁的情绪充斥整个画面，比早期作品凝重而深刻。这幅作品和它的姊妹篇《哈莱姆救济院的男执事们》如今都被悬挂在哈莱姆的哈尔斯博物馆，这是哈尔斯漫长职业生涯的最后两幅作品。作品没有不合时宜和多余的笔画，摈除所有不必要的细节描绘，专注于必不可缺的重点，用寥寥数笔揭示人物的性格特点。多年来，这幅画受到欢迎，也受到谩骂。欢迎的人喜欢绘画的方式，主要是对19世纪的印象主义和现实主义的印象。谩骂者认为女执事们的肖像不是很讨人喜欢。长期以来人们都认为哈尔斯居住在这所养老院里。但事实是，他从未住过这所养老院。据说，最后的三十年，哈尔斯和他的大家庭一直住在海里格兰德大街，而这所养老院正好也在这条街上。摘自[中] 甘苏庆《西方油画600年——17、18世纪欧洲油画艺术》
明代 沈周 崇山修竹图轴,,,沈周,纸本墨笔,中国绘画;石渠宝笈名作珍赏,台北故宫博物院,明代,此画乃沈周为刘珏所作。成化六年（一四七○）春，刘珏之弟刘以规春试入京，珏举以为赠。次年辛卯（一四七一）二月，刘珏史鉴沈周沈召同游西湖。壬辰（一四七二）春，刘珏逝。八月，刘以规持此画求吴宽文林为之题。三人同在京师。纸狭故山亦瘦长。皴法似王叔明。大抵与四十一岁所作庐山高图甚为接近，松叶树榦则较庐山高图直挺。画树皴山，皆中锋笔，与晚年喜用侧笔中锋者不同。（来源：台北故宫博物院官网）作者款识：水墨微踪认始真。品题流落两伤神。瞻乌爰止知谁屋。画鹤能来待故人。白发聊随山玩世。青毡虽在物何珍。悠悠往事诗重诉。又是浮生一梦新。此图旧与马抑之。展转以规所。凡题者□人。唯匏庵如醺在。余并抑之以规皆化去。感慨乃有是篇。辛酉七夕后一日。沈周。作者印记：启南、白石翁。历代题跋：1.本幅，行书。屋前山万峰。屋角竹千挺。此中如可寻。踏破白云顶。立斋。印记：凤仪、赐己丑进士。2. 本幅，行书。刘子读书处。茆斋水木间。杖藜何日去。相与入穿山。予尝闻以规谈其乡穿山之胜。欲一游之而未能。故及之。壬辰秋仲十九日。吴宽记。印记：中吴吴宽。3.本幅，行书。柳暗花明入凤城。壮游不动别离情。贾生袖里多长策。欲为君王致太平。吾弟以规。角艺南宫。因题沈启南山水。以期其远大。时成化六年春仲。完菴刘珏廷美识。印记： 完菴。4.本幅，楷书。 辋川图画渭城诗。千里相看有所思。老屋碧桃山色在。刘郎去后沈郎悲。刘完菴沈石田皆以诗画擅名。壬辰春。完菴卒。而以规持是图在京邸索题。因录如右。八月二十六日文林识。印记：小文。5.诗塘，楷书。崇山不藉白云高。修竹清溪护野皋。设拟兰亭修禊事。石军笔阵熟能操。甲辰(公元一七八四年)仲夏月。御题。印记： 古稀天子之宝、犹日孜孜。鉴藏宝玺：古希天子、文津阁宝、嘉庆御览之宝、宝笈三编、太上皇帝之宝、避暑山庄、嘉庆鉴赏、石渠宝笈、三希堂精鉴玺、宜子孙、五福五代堂古稀天子宝、乾隆御览之宝、八征耄念之宝。收藏著录：石渠宝笈三编（避暑山庄），第九册，页4408-4409；故宫书画录（卷五），第三册，页321；故宫书画图录，第六册，页217-218。参考文献：1.江兆申，〈沈周崇山修竹　轴〉，收入故宫博物院编，《吴派画九十年展》（台北：故宫博物院，1975年初版，1976年再版，1981年三版），页295。 2.许郭璜，〈水墨微踪认始真 — 沈周〈崇山修竹〉之画风检讨〉，《故宫文物月刊》，第313期（2009年4月），页102-115。 3.许郭璜，〈有竹居别业 — 沈周〈崇山修竹〉画中主题〉，《故宫文物月刊》，第314期（2009年5月），页71-77。 4.许郭璜，〈品题流落两伤神 — 关于沈周〈崇山修竹〉的题跋与流传〉，《故宫文物月刊》，第315期（2009年6月），页104-111。
绿色和橙色的组合,Green and Orange Composition,1980,维克托·瓦萨雷利,,油画艺术,,战后到后现代,
中间,Koentoesh,1974,维克托·瓦萨雷利,,油画艺术,,战后到后现代,
山麓,Foothills,1964,安东尼·格罗斯,画纸,水彩画,,当代艺术,
一根茎末端的蓝色花和花蕾,Blue flower blossom and bud at the end of a stalk,1830-1850,葛饰北斋,画纸,日本绘画,华盛顿国会图书馆,日本江户时代,
"一个人向左走,一个阳伞抬在肩上,穿着和服和木屐,右手提着一大袋","A person walking to the left, mostly obscured by an open parasol carried over the shoulder, wearing kimono and geta, and carrying a bag in right hand",1830-1850,葛饰北斋,画纸,日本绘画,华盛顿国会图书馆,日本江户时代,
新石器时代晚期 似新月形饰,,公元前5000-前2000年,佚名（新石器时代）,玉石,工艺美术;玉石珠宝,台北故宫博物院,史前,玉颇相似于良渚文化的新月形饰，但两尖端较宽粗。正面圆厚而稍凸，光素无纹。背面平直，有四组象鼻穿。青绿玉，满布赭色沁斑。青绿玉，满布赭色沁斑。颇相似于良渚文化的新月形饰，但两尖端较宽粗。正面圆厚而稍凸，光素无纹。背面平直，有四组象鼻穿。宽4.4cm 厚0.7cm。
月曼清游图册（十二开）—九月“重阳赏菊”,,,陈枚 梁诗正,绢本设色,中国绘画,北京故宫博物院,清代,《月曼清游图》册描绘的是宫廷嫔妃们一年12个月的深宫生活：正月“寒夜探梅”、二月“杨柳荡千”、三月“闲亭对弈”、四月“庭院观花”、五月“水阁梳妆”、六月“碧池采莲”、七月“桐荫乞巧”、八月“琼台玩月”、九月“重阳赏菊”、十月“文窗刺绣”、十一月“围炉博古”、十二月“踏雪寻诗”。此幅为九月“重阳赏菊”，描绘宫中嫔妃们在重阳节赏菊的场景。自汉魏以来，重阳（九月初九）有登山、佩茱萸、饮菊花酒之俗。晋代诗人陶渊明尤爱菊花。至唐宋时，重阳赏菊成为风俗。宋代，菊之名种培植繁多，盛况逾越前代，成为当时城市居民的一大活动。明、清继之，有堆菊花山等项目，实际即是菊花品种展览，其名目多至千种。北京、苏州等地皆达到相当大的规模。　　通过这一幅幅生动的画面体现了宫廷生活与民间生活的密切关联。嫔妃们的活动内容，在民间生活中均习以为常，只不过由于宫廷的特殊地位，而令这些活动从内容到形式都具有更加富贵、繁琐及典制化的特点。　　作者在人物创作的审美取向上有别于唐代张萱、周昉笔下体态丰腴的嫔妃形象，而以明代唐寅、仇英笔下的仕女画为审美标准，追求秀润飘逸的情致。画家以工细流畅的线条和亮丽鲜活的色彩将嫔妃们描绘成身材修长、体态轻盈、“倚风娇无力”之貌。她们三五成群地行进在以界画表现的亭台楼阁内或是细笔勾染皴点的花石下。富贵闲逸的宫苑生活令她们的物质生活十分充足，也使她们的精神世界极度贫乏。　　在技法上，此图所绘人物造型生动准确，笔致工细严谨，源于宋代院体画风。图中的楼台房室建筑则采用西洋焦点透视法绘成，根据图中透视线斜度的变化，可以准确地推求出灭点的具体位置，从而加强了平面画幅的立体、纵深效果，在有限的画面上扩展出无限的空间。　　此图册于乾隆三年（1738年）绘成后深得乾隆皇帝的赞赏。乾隆帝于六年谕令皇宫“造办处”的优秀匠人，如擅镶嵌技艺的常存，擅牙雕工艺的陈祖章、陈观泉父子及顾彭年、萧汉振等，以陈枚的这本图册为画稿，用象牙、玉石等进行雕刻。匠人们精雕细琢，密切结合牙雕和镶嵌的技艺特点，令画面层次分明，富有立体感。这件雕有103人的牙雕精品被称作“百美图”。乾隆皇帝在为它题写诗文时将其正式定名为《月曼清游》。（来源：北京故宫博物院官网）
无题-71,Untitled-71,1970,杰克·沙德博尔,画纸,水粉画,,,
无题-74,Untitled-74,,杰克·沙德博尔,画纸,水粉画,,,
清代 周天球 墨兰图册（九开）之二,,,周天球,纸本墨笔,中国绘画,北京故宫博物院,清代,
有性,Nemi,1793,阿尔伯特·克里斯托夫,画纸,版画艺术,,,
构图,Tuz,1970,维克托·瓦萨雷利,,油画艺术,,战后到后现代,
托马斯·纳斯特的全长肖像与一组漫画,Full-length Portrait of Thomas Nast with a Group of Caricatures,,,,,大都会艺术博物馆,,小托马斯·纳斯特、梅布尔·纳特·克劳福德和西里尔·纳斯特的礼物，1933年
无题-49,Untitled-49,1965,杰克·沙德博尔,画纸,素描艺术,,,
艺术的寓言,Allegory of the Arts,1742,雅各布·德·维特,画布,油画艺术,大都会艺术博物馆,巴洛克时期,
沙漠巡逻,Desert Patrol,1942,安东尼·格罗斯,画纸,水彩画,,当代艺术,
猎人和他的狗,Hunter with his dog,1978,海尔格·达尔曼,画板,油画艺术,私人收藏,20世纪艺术,
